respondent_id,data_resposta,om,posto_graduacao,vinculo,escolaridade,s1_estado_civil,s1_familia_mesma_cidade,s1_q3_concilia_trabalho_familia,s1_q4_familia_apoia,s1_q5_cidade_boas_condicoes,s1_ativ_fisica_freq_semana,s1_q7_tempo_descanso,s1_q8_dorme_bem,s1_q9_rotina_ativ_fisica_satisfatoria,s1_nota_qualidade_vida,s1_nota_qualidade_vida_justificativa,s1_nota_equilibrio_trabalho_vida,s1_nota_equilibrio_trabalho_vida_justificativa,s1_nota_bemestar_fisico,s1_nota_bemestar_fisico_justificativa,s1_nota_bemestar_emocional,s1_nota_bemestar_emocional_justificativa,s1_q14_fe_forca_equilibrio,s1_q15_vive_religiao_sem_constrangimento,s1_q16_om_respeita_liberdade_religiosa,s1_comentario,s2_nota_sabor_rancho,s2_nota_sabor_rancho_justificativa,s2_nota_variedade_cardapio,s2_nota_variedade_cardapio_justificativa,s2_nota_quantidade_comida,s2_nota_quantidade_comida_justificativa,s2_nota_limpeza_rancho,s2_nota_limpeza_rancho_justificativa,s2_q5_local_boas_condicoes,s2_q6_alojamento_limpo,s2_q7_alojamento_boas_condicoes,s2_q8_banheiros_boas_condicoes,s2_q9_materiais_equipamentos,s2_q10_carga_trabalho_adequada,s2_q11_funcoes_claras,s2_equipamentos_texto,s2_q13_superiores_reconhecem,s2_q14_bom_relacionamento_colegas,s2_q15_superiores_orientam_apoiam,s2_q16_oportunidades_cursos,s2_q17_chances_crescer_carreira,s2_nota_orgulho_om,s2_nota_orgulho_om_justificativa,s2_melhoria_texto,s3_q1_energia_disposicao_freq,s3_q2_sobrecarregado_freq,s3_q3_dificuldade_relaxar_freq,s3_q4_dormiu_mal_freq,s3_q5_irritado_freq,s3_q6_lidou_bem_dificuldades_freq,s3_q7_apoiado_colegas_chefes_freq,s3_q8_sabe_recorrer_apoio,s3_q9_seguro_buscar_apoio_sem_discriminacao,s3_q10_equilibrio_emocional_bom,s3_fusex_usuario,s3_fusex_q11_atendimento_qualidade,s3_fusex_q12_atende_necessidades,s3_fusex_q13_facilidade_uso,s3_apostas_q14_costuma_apostar,s3_apostas_q15_aumentou_freq_valor,s3_apostas_q16_prejuizo_financeiro,s3_apostas_q17_afetou_trabalho,s3_apostas_q18_quis_parar_dificuldade,s3_comentario,s4_moradia,s4_deslocamento_tempo,s4_q3_soldo_compativel,s4_q4_renda_suficiente,s4_q5_consegue_guardar_dinheiro,s4_q6_moradia_adequada,s4_q7_deslocamento_razoavel,s4_q8_seguranca_financeira_futuro,s4_q9_financas_nao_afetam_desempenho,s4_nota_situacao_financeira,s4_nota_situacao_financeira_justificativa,s4_avaliacao_geral_financeira,s4_comentario,s5_q1_hierarquia_com_respeito,s5_q2_tratamento_igualdade,s5_q3_regras_iguais_para_todos,s5_q4_info_clara_a_tempo,s5_q5_avontade_falar_chefia,s5_q6_decisoes_explicadas_clareza,s5_q7_recebe_feedback,s5_q8_reunioes_objetivas,s5_q9_tempo_reunioes_formaturas_ok,s5_q10_planejamento_com_antecedencia,s5_q11_escalas_justas,s5_q12_avisado_mudancas_antecedencia,s5_q13_rotina_previsivel,s5_sugestao_texto,s6_nota_clima_geral,s6_nota_clima_geral_justificativa
1,2026-08-10,3ª Cia Eng Cmb Mec,3º Sargento,De Carreira,Ensino Superior Completo (Graduação),"Casado(a) / união estável, sem filhos",Mora em outra cidade (longe de mim),4,4,3,3 a 4 vezes,3,3,3,6,Tem dias bons e dias ruins.,8,Consigo separar bem o trabalho da vida pessoal.,6,"Minha saúde física está ok, nada grave.",6,Tenho dias melhores e outros piores.,3,3,4,Poderiam ajudar mais quem tem filhos pequenos.,6,"A comida é razoável, dá pra comer.",4,Falta variedade nas saladas e legumes.,4,Muitas vezes acaba a comida antes de todos se servirem.,4,As mesas nem sempre estão limpas.,2,3,4,1,3,3,3,"Sim, o material é suficiente para o dia a dia.",3,3,4,3,1,4,Preferia servir em outra OM.,Mais reconhecimento pelo trabalho realizado.,4,2,4,3,4,4,4,3,1,3,Sim,3.0,3.0,4.0,2,1,1,1,1,Nada a declarar.,Imóvel alugado por conta própria,De 15 a 30 minutos,1,3,1,1,3,3,3,6,Consigo me organizar razoavelmente.,"Apertada, mas sob controle",Sem comentários adicionais.,3,3,3,3,3,1,3,2,3,4,2,1,1,Melhorar o mural de avisos.,6,Tem pontos bons e outros a melhorar.
2,2026-08-15,3º B Log,Cabo,Temporário,Ensino Médio Completo / Técnico,"Solteiro(a), sem filhos","Sim, mora comigo",4,3,2,1 a 2 vezes,2,1,2,8,Estou satisfeito com minha qualidade de vida.,6,"Consigo equilibrar às vezes, mas nem sempre.",5,"Minha saúde física está ok, nada grave.",6,Tenho dias melhores e outros piores.,4,3,4,Sem observações relevantes.,4,A comida é sem sal e sem gosto.,4,Falta variedade nas saladas e legumes.,7,"Às vezes é pouco, mas geralmente dá.",5,"No geral está limpo, com algumas exceções.",3,4,1,3,4,2,2,Falta fardamento e botas em número suficiente.,1,2,1,4,3,8,Sinto-me honrado em servir aqui.,Mais oportunidades de curso.,4,4,3,2,4,3,3,3,1,2,Não,,,,2,2,2,1,1,Seria bom ter mais palestras sobre saúde mental.,Imóvel alugado por conta própria,De 15 a 30 minutos,2,3,2,2,2,4,2,5,Consigo me organizar razoavelmente.,Endividado(a) / com dificuldades,O soldo não acompanha a inflação.,1,4,4,2,3,2,1,3,3,1,3,2,3,Avisar as escalas com mais antecedência.,5,"No geral, é razoável."
3,2026-08-20,25º GAC,Cabo,Temporário,Ensino Médio Completo / Técnico,"Casado(a) / união estável, com filhos",Mora em outra cidade (longe de mim),1,3,4,3 a 4 vezes,2,3,3,4,A rotina no quartel é muito puxada.,4,O serviço toma quase todo o meu tempo.,6,Poderia cuidar melhor do corpo.,7,Emocionalmente estou razoável.,4,4,2,Poderiam ajudar mais quem tem filhos pequenos.,5,"A comida é razoável, dá pra comer.",6,"Varia um pouco, mas podia ter mais opções.",5,"Às vezes é pouco, mas geralmente dá.",9,A higiene do local é muito boa.,2,3,2,2,2,2,2,Faltam viaturas disponíveis para treinar.,2,2,3,3,2,8,Tenho muito orgulho de pertencer a esta OM.,Melhorar a comunicação entre os setores.,4,2,4,1,3,4,3,3,3,3,Não,,,,1,1,1,1,2,Falta divulgar melhor onde buscar ajuda.,Moradia cedida / com familiares,Até 15 minutos,2,3,1,2,3,3,4,5,Consigo me organizar razoavelmente.,Estável / equilibrada,Sem comentários adicionais.,2,2,2,3,4,1,2,2,3,3,4,3,2,Avisar as escalas com mais antecedência.,4,Precisa melhorar bastante.
4,2026-08-16,13ª Cia Com Mec,2º Sargento,Temporário,Ensino Médio Completo / Técnico,"Casado(a) / união estável, com filhos","Sim, mora comigo",4,3,3,1 a 2 vezes,1,1,2,9,Estou satisfeito com minha qualidade de vida.,6,Depende muito da semana.,5,Poderia cuidar melhor do corpo.,6,Emocionalmente estou razoável.,3,2,4,Poderiam ajudar mais quem tem filhos pequenos.,5,"O sabor é ok, mas podia melhorar.",5,De vez em quando tem prato diferente.,8,A quantidade servida é boa e dá pra repetir.,5,"No geral está limpo, com algumas exceções.",2,3,2,2,4,2,4,Faltam viaturas disponíveis para treinar.,2,4,3,2,2,5,"Depende do dia, mas no geral é ok.",Melhorar a comunicação entre os setores.,2,3,3,3,5,4,4,3,3,3,Não,,,,2,1,1,1,1,Falta divulgar melhor onde buscar ajuda.,Imóvel próprio,De 15 a 30 minutos,3,1,2,2,2,3,1,6,"Dá para pagar as contas, mas sem sobra.",Confortável,Nada a acrescentar.,3,3,4,3,3,2,1,2,3,2,3,4,4,Melhorar o mural de avisos.,9,Estou satisfeito com o clima da OM.
5,2026-08-17,3º Pel PE,Cabo,Temporário,Ensino Médio Completo / Técnico,"Solteiro(a), sem filhos","Sim, mora comigo",3,3,2,1 a 2 vezes,2,2,1,6,Tem dias bons e dias ruins.,7,"Consigo equilibrar às vezes, mas nem sempre.",6,Poderia cuidar melhor do corpo.,8,Me sinto emocionalmente bem.,3,3,4,Gostaria de mais apoio para militares com família longe.,6,"O sabor é ok, mas podia melhorar.",3,Falta variedade nas saladas e legumes.,4,Serve pouco e não dá pra repetir.,7,"No geral está limpo, com algumas exceções.",3,3,2,3,3,3,3,Falta fardamento e botas em número suficiente.,2,4,3,3,3,9,Sinto-me honrado em servir aqui.,Melhorar o rancho.,4,3,4,4,3,3,2,2,4,2,Não,,,,2,2,2,2,1,Nada a declarar.,Imóvel alugado por conta própria,Até 15 minutos,2,2,2,4,2,2,3,3,Estou endividado e preocupado.,"Apertada, mas sob controle",Gostaria de mais clareza sobre os descontos no contracheque.,4,4,3,2,2,3,1,1,2,1,3,2,4,Fazer reuniões mais curtas e objetivas.,4,Muitos pontos a corrigir.
6,2026-08-21,9º RCB,Soldado (Efetivo Variável – EV / Recruta),Temporário,Ensino Superior Incompleto (faculdade em andamento),"Solteiro(a), sem filhos","Sim, mora comigo",3,3,4,3 a 4 vezes,1,2,4,6,Minha qualidade de vida é razoável.,7,"Consigo equilibrar às vezes, mas nem sempre.",7,Poderia cuidar melhor do corpo.,9,Estou tranquilo e equilibrado.,4,3,3,Nada a acrescentar.,5,"O sabor é ok, mas podia melhorar.",2,"É sempre arroz, feijão e a mesma carne.",4,Muitas vezes acaba a comida antes de todos se servirem.,6,"No geral está limpo, com algumas exceções.",3,2,3,2,4,4,3,"Sim, o material é suficiente para o dia a dia.",3,2,2,1,2,9,Tenho muito orgulho de pertencer a esta OM.,Mais oportunidades de curso.,3,2,2,2,4,2,4,2,2,2,Não,,,,2,1,1,2,1,Seria bom ter mais palestras sobre saúde mental.,Alojamento na OM,De 30 a 60 minutos,3,2,2,2,4,4,3,7,Consigo me organizar razoavelmente.,"Apertada, mas sob controle",Gostaria de mais clareza sobre os descontos no contracheque.,1,4,2,3,4,1,2,4,2,2,3,2,2,Fazer reuniões mais curtas e objetivas.,5,"No geral, é razoável."
7,2026-08-10,3º R C Mec,Soldado (Efetivo Profissional – EP),Temporário,Ensino Médio Completo / Técnico,"Solteiro(a), sem filhos","Sim, mora comigo",3,4,2,1 a 2 vezes,1,2,2,8,Estou satisfeito com minha qualidade de vida.,4,Trabalho demais e descanso de menos.,6,"Minha saúde física está ok, nada grave.",4,Tenho me sentido para baixo ultimamente.,3,3,3,Nada a acrescentar.,5,"O sabor é ok, mas podia melhorar.",1,Repete muito o cardápio na mesma semana.,3,Serve pouco e não dá pra repetir.,5,"A limpeza é razoável, mas podia melhorar.",3,2,3,3,3,3,2,Falta fardamento e botas em número suficiente.,2,2,2,1,2,6,"Depende do dia, mas no geral é ok.",Melhorar a comunicação entre os setores.,4,2,3,3,3,3,5,3,2,3,Não,,,,1,1,1,1,1,Nada a declarar.,Alojamento na OM,De 15 a 30 minutos,1,1,1,3,2,3,3,3,Situação financeira apertada este mês.,Confortável,Sem comentários adicionais.,4,4,3,2,4,2,2,4,4,1,2,2,3,Avisar as escalas com mais antecedência.,7,"No geral, é razoável."
8,2026-08-14,3º B Log,Tenente-Coronel,De Carreira,Pós-Graduação / Especialização,"Casado(a) / união estável, com filhos",Mora em outra cidade (longe de mim),2,4,2,5 vezes ou mais,3,3,2,3,A rotina no quartel é muito puxada.,5,"Consigo equilibrar às vezes, mas nem sempre.",5,Poderia cuidar melhor do corpo.,6,Emocionalmente estou razoável.,4,4,3,Gostaria de mais apoio para militares com família longe.,7,"O sabor é ok, mas podia melhorar.",2,"É sempre arroz, feijão e a mesma carne.",6,A quantidade é suficiente na maioria dos dias.,7,"A limpeza é razoável, mas podia melhorar.",3,2,3,2,3,3,4,Falta material de instrução em bom estado.,1,3,2,1,3,7,"Depende do dia, mas no geral é ok.",Melhorar a comunicação entre os setores.,4,2,1,1,3,4,4,3,2,3,Sim,1.0,2.0,3.0,1,1,2,2,1,Sem comentários adicionais.,Imóvel próprio,De 30 a 60 minutos,1,2,1,2,4,3,3,4,Estou endividado e preocupado.,"Apertada, mas sob controle",Nada a acrescentar.,3,2,3,4,2,2,2,3,3,3,3,3,4,Melhorar o mural de avisos.,8,Estou satisfeito com o clima da OM.
9,2026-08-19,7º R C Mec,Capitão,De Carreira,Ensino Superior Completo (Graduação),"Casado(a) / união estável, sem filhos","Sim, mora comigo",3,4,2,3 a 4 vezes,1,3,4,3,Tenho pouco tempo para mim mesmo.,7,Depende muito da semana.,7,Poderia cuidar melhor do corpo.,6,Emocionalmente estou razoável.,4,3,3,Poderiam ajudar mais quem tem filhos pequenos.,2,O tempero está sempre muito fraco.,5,De vez em quando tem prato diferente.,5,A quantidade é suficiente na maioria dos dias.,4,As mesas nem sempre estão limpas.,2,2,3,1,3,4,3,Faltam viaturas disponíveis para treinar.,2,4,2,3,1,3,Não sinto muito orgulho de estar aqui.,Mais reconhecimento pelo trabalho realizado.,2,2,2,3,3,3,3,1,3,3,Sim,2.0,4.0,3.0,2,2,2,1,1,Falta divulgar melhor onde buscar ajuda.,Imóvel alugado por conta própria,De 15 a 30 minutos,3,1,1,2,2,2,3,6,Consigo me organizar razoavelmente.,Endividado(a) / com dificuldades,Sem comentários adicionais.,4,3,2,2,3,2,4,3,2,3,3,3,3,"Manter como está, funciona bem.",6,"No geral, é razoável."
10,2026-08-10,3º B Log,Subtenente,De Carreira,Ensino Superior Completo (Graduação),"Casado(a) / união estável, com filhos","Sim, mora comigo",4,4,4,5 vezes ou mais,2,3,4,5,Tem dias bons e dias ruins.,5,Depende muito da semana.,4,Estou fisicamente desgastado.,6,Tenho dias melhores e outros piores.,4,3,3,Nada a acrescentar.,5,"O sabor é ok, mas podia melhorar.",6,De vez em quando tem prato diferente.,6,A quantidade é suficiente na maioria dos dias.,7,"A limpeza é razoável, mas podia melhorar.",4,3,3,4,2,1,4,Faltam viaturas disponíveis para treinar.,2,3,3,3,4,6,Tenho um orgulho moderado da OM.,Mais oportunidades de curso.,4,2,5,3,4,3,5,2,3,4,Sim,1.0,2.0,3.0,1,1,1,1,1,Nada a declarar.,Imóvel próprio,De 30 a 60 minutos,1,3,3,2,3,2,2,7,"Dá para pagar as contas, mas sem sobra.",Estável / equilibrada,O soldo não acompanha a inflação.,3,2,2,1,2,2,3,4,2,3,2,2,3,"Manter como está, funciona bem.",9,Estou satisfeito com o clima da OM.
11,2026-08-15,3ª Cia Eng Cmb Mec,2º Sargento,De Carreira,Ensino Médio Completo / Técnico,"Solteiro(a), sem filhos",Mora em outra cidade (longe de mim),3,3,2,5 vezes ou mais,3,2,3,9,Consigo equilibrar bem minha vida.,3,Trabalho demais e descanso de menos.,8,Me sinto bem fisicamente.,4,Ando estressado e ansioso.,2,3,3,Sem observações relevantes.,6,"A comida é razoável, dá pra comer.",6,"Varia um pouco, mas podia ter mais opções.",5,"Às vezes é pouco, mas geralmente dá.",4,O rancho precisa de mais limpeza.,3,1,1,2,2,3,3,"Sim, o material é suficiente para o dia a dia.",3,4,1,3,1,7,Tenho um orgulho moderado da OM.,Mais reconhecimento pelo trabalho realizado.,4,4,3,1,2,3,4,2,2,4,Sim,2.0,2.0,3.0,1,1,2,1,1,Sem comentários adicionais.,Imóvel próprio,Até 15 minutos,1,2,1,3,3,3,3,6,"Dá para pagar as contas, mas sem sobra.",Estável / equilibrada,O soldo não acompanha a inflação.,2,3,3,3,4,3,2,3,3,1,1,3,3,Avisar as escalas com mais antecedência.,3,Precisa melhorar bastante.
12,2026-08-19,13ª Cia Com Mec,Soldado (Efetivo Profissional – EP),Temporário,Ensino Médio Completo / Técnico,"Solteiro(a), com filhos","Sim, mora comigo",3,3,2,3 a 4 vezes,2,4,3,6,Minha qualidade de vida é razoável.,4,Quase não sobra tempo pra família.,5,"Minha saúde física está ok, nada grave.",4,Tenho me sentido para baixo ultimamente.,4,3,2,Sem observações relevantes.,7,"Alguns dias está boa, outros nem tanto.",8,Gosto que muda bastante durante a semana.,2,Serve pouco e não dá pra repetir.,5,"A limpeza é razoável, mas podia melhorar.",3,4,2,2,2,3,3,Faltam viaturas disponíveis para treinar.,2,2,3,2,1,10,Sinto-me honrado em servir aqui.,Melhorar as condições do alojamento.,3,2,2,2,3,5,3,3,2,2,Não,,,,1,1,2,2,1,Falta divulgar melhor onde buscar ajuda.,Imóvel alugado por conta própria,De 15 a 30 minutos,2,2,1,3,3,3,3,6,"Dá para pagar as contas, mas sem sobra.","Apertada, mas sob controle",O soldo não acompanha a inflação.,4,3,2,2,3,2,2,4,3,3,2,2,3,Melhorar o mural de avisos.,8,"No geral, o ambiente é muito bom."
13,2026-08-15,3ª Cia Eng Cmb Mec,3º Sargento,De Carreira,Ensino Superior Completo (Graduação),"Solteiro(a), com filhos",Mora em outra cidade (longe de mim),2,3,4,3 a 4 vezes,2,4,3,8,Consigo equilibrar bem minha vida.,3,Quase não sobra tempo pra família.,7,"Minha saúde física está ok, nada grave.",3,Tenho me sentido para baixo ultimamente.,4,2,2,Poderiam ajudar mais quem tem filhos pequenos.,4,Falta tempero na maioria dos pratos.,5,De vez em quando tem prato diferente.,6,A quantidade é suficiente na maioria dos dias.,7,"A limpeza é razoável, mas podia melhorar.",3,3,2,2,4,2,3,Falta fardamento e botas em número suficiente.,1,4,4,3,2,10,Sinto-me honrado em servir aqui.,Mais reconhecimento pelo trabalho realizado.,2,4,2,1,2,4,3,3,3,3,Sim,3.0,2.0,3.0,2,1,2,2,2,Sem comentários adicionais.,Próprio Nacional Residencial (PNR),De 30 a 60 minutos,2,2,2,2,3,2,3,2,O soldo não fecha com as contas.,"Apertada, mas sob controle",O soldo não acompanha a inflação.,2,4,3,1,3,3,3,2,1,3,2,3,2,Avisar as escalas com mais antecedência.,7,"No geral, é razoável."
14,2026-08-15,9º RCB,Soldado (Efetivo Profissional – EP),Temporário,Ensino Médio Completo / Técnico,"Casado(a) / união estável, sem filhos","Sim, mora comigo",4,3,2,Nenhuma vez,3,4,3,7,Minha qualidade de vida é razoável.,5,"Consigo equilibrar às vezes, mas nem sempre.",8,Tenho me exercitado e me sinto disposto.,5,Emocionalmente estou razoável.,4,4,4,Sem observações relevantes.,4,Falta tempero na maioria dos pratos.,5,De vez em quando tem prato diferente.,4,Serve pouco e não dá pra repetir.,5,"A limpeza é razoável, mas podia melhorar.",2,3,1,3,2,2,3,Falta fardamento e botas em número suficiente.,1,4,2,1,3,5,Tenho um orgulho moderado da OM.,Melhorar a comunicação entre os setores.,3,4,2,4,3,3,3,1,2,2,Não,,,,1,1,2,1,1,Seria bom ter mais palestras sobre saúde mental.,Alojamento na OM,De 30 a 60 minutos,2,2,1,3,3,4,1,7,Consigo me organizar razoavelmente.,"Apertada, mas sob controle",Nada a acrescentar.,2,3,4,2,3,3,3,4,3,2,3,3,2,Melhorar o mural de avisos.,5,Tem pontos bons e outros a melhorar.
15,2026-08-13,QG 3ª Bda C Mec,2º Sargento,Temporário,Ensino Médio Completo / Técnico,"Solteiro(a), sem filhos",Mora em outra cidade (longe de mim),3,4,3,1 a 2 vezes,3,3,3,5,Tem dias bons e dias ruins.,6,Depende muito da semana.,5,Poderia cuidar melhor do corpo.,4,Tenho me sentido para baixo ultimamente.,4,4,4,Gostaria de mais apoio para militares com família longe.,5,"O sabor é ok, mas podia melhorar.",3,Falta variedade nas saladas e legumes.,6,A quantidade é suficiente na maioria dos dias.,8,A higiene do local é muito boa.,3,2,2,4,3,1,2,"Sim, tenho tudo que preciso.",1,4,4,3,1,9,Sinto-me honrado em servir aqui.,Melhorar a comunicação entre os setores.,2,3,3,3,1,3,4,3,3,3,Não,,,,2,1,1,1,2,Falta divulgar melhor onde buscar ajuda.,Imóvel alugado por conta própria,Mais de 60 minutos,2,3,1,1,3,1,1,5,"Dá para pagar as contas, mas sem sobra.",Confortável,Nada a acrescentar.,3,3,3,3,3,3,1,1,3,2,3,3,2,Melhorar o mural de avisos.,7,"No geral, é razoável."
16,2026-08-12,25º GAC,Subtenente,De Carreira,Ensino Superior Incompleto (faculdade em andamento),"Casado(a) / união estável, sem filhos","Sim, mora comigo",4,3,3,3 a 4 vezes,3,2,2,10,Estou satisfeito com minha qualidade de vida.,7,"Consigo equilibrar às vezes, mas nem sempre.",8,Me sinto bem fisicamente.,7,Emocionalmente estou razoável.,4,3,3,Nada a acrescentar.,7,"A comida é razoável, dá pra comer.",4,Falta variedade nas saladas e legumes.,4,Serve pouco e não dá pra repetir.,5,"No geral está limpo, com algumas exceções.",4,2,4,2,4,2,3,Falta fardamento e botas em número suficiente.,2,2,3,2,3,5,"Depende do dia, mas no geral é ok.",Mais reconhecimento pelo trabalho realizado.,2,2,1,1,4,4,4,2,2,3,Sim,3.0,3.0,1.0,1,1,1,1,1,Falta divulgar melhor onde buscar ajuda.,Imóvel próprio,De 15 a 30 minutos,1,2,1,2,2,4,2,4,O soldo não fecha com as contas.,"Apertada, mas sob controle",Gostaria de mais clareza sobre os descontos no contracheque.,4,3,2,3,2,2,2,2,4,2,2,4,1,Avisar as escalas com mais antecedência.,7,Tem pontos bons e outros a melhorar.
17,2026-08-12,2ª Bia AAAe,2º Tenente,De Carreira,Ensino Superior Completo (Graduação),"Casado(a) / união estável, sem filhos","Sim, mora comigo",4,3,4,5 vezes ou mais,4,3,2,2,Ando cansado e sem tempo de qualidade.,4,Quase não sobra tempo pra família.,8,Me sinto bem fisicamente.,8,Estou tranquilo e equilibrado.,4,3,4,Gostaria de mais apoio para militares com família longe.,4,A comida é sem sal e sem gosto.,6,De vez em quando tem prato diferente.,3,Muitas vezes acaba a comida antes de todos se servirem.,6,"A limpeza é razoável, mas podia melhorar.",2,3,2,3,3,4,4,"Sim, o material é suficiente para o dia a dia.",4,3,1,1,2,7,"Depende do dia, mas no geral é ok.",Mais oportunidades de curso.,3,1,3,4,4,3,5,3,2,4,Sim,4.0,2.0,2.0,3,1,1,2,2,Sem comentários adicionais.,Imóvel alugado por conta própria,De 15 a 30 minutos,2,2,2,2,1,3,2,2,Situação financeira apertada este mês.,Estável / equilibrada,Nada a acrescentar.,4,4,3,1,2,1,3,1,1,2,3,2,1,Melhorar o mural de avisos.,4,Precisa melhorar bastante.
18,2026-08-13,3º B Log,Soldado (Efetivo Profissional – EP),Temporário,Ensino Médio Completo / Técnico,"Solteiro(a), sem filhos","Sim, mora comigo",2,4,2,1 a 2 vezes,2,1,3,6,Minha qualidade de vida é razoável.,6,Depende muito da semana.,8,Me sinto bem fisicamente.,5,Tenho dias melhores e outros piores.,4,4,3,Poderiam ajudar mais quem tem filhos pequenos.,4,A comida é sem sal e sem gosto.,3,Repete muito o cardápio na mesma semana.,5,"Às vezes é pouco, mas geralmente dá.",7,"No geral está limpo, com algumas exceções.",1,1,2,2,3,2,3,Falta material de instrução em bom estado.,2,3,3,2,3,4,Falta motivo para se orgulhar no momento.,Reduzir a burocracia interna.,1,2,5,3,2,3,3,3,3,2,Não,,,,3,1,2,1,1,Falta divulgar melhor onde buscar ajuda.,Alojamento na OM,De 15 a 30 minutos,1,2,2,2,3,2,4,5,Consigo me organizar razoavelmente.,"Apertada, mas sob controle",O soldo não acompanha a inflação.,2,4,4,3,1,4,2,3,3,3,2,4,3,Avisar as escalas com mais antecedência.,6,Tem pontos bons e outros a melhorar.
19,2026-08-10,7º R C Mec,Soldado (Efetivo Profissional – EP),Temporário,Ensino Fundamental Completo,"Solteiro(a), sem filhos",Não se aplica,4,3,3,3 a 4 vezes,1,3,2,8,Consigo equilibrar bem minha vida.,6,Depende muito da semana.,2,Estou fisicamente desgastado.,7,Emocionalmente estou razoável.,4,3,4,Gostaria de mais apoio para militares com família longe.,5,"A comida é razoável, dá pra comer.",2,Repete muito o cardápio na mesma semana.,6,A quantidade é suficiente na maioria dos dias.,3,Falta higiene na hora de servir.,1,2,3,4,2,4,1,Faltam viaturas disponíveis para treinar.,4,3,3,1,2,5,Tenho um orgulho moderado da OM.,Mais oportunidades de curso.,5,4,5,5,3,3,3,3,3,4,Não,,,,3,1,2,1,2,Nada a declarar.,Alojamento na OM,Até 15 minutos,2,1,1,3,3,2,3,8,Minha situação financeira está sob controle.,Endividado(a) / com dificuldades,Sem comentários adicionais.,3,3,4,1,4,2,2,2,3,2,1,1,2,Avisar as escalas com mais antecedência.,5,"No geral, é razoável."
20,2026-08-19,QG 3ª Bda C Mec,1º Sargento,De Carreira,Ensino Superior Completo (Graduação),"Casado(a) / união estável, sem filhos","Sim, mora comigo",3,3,3,Nenhuma vez,1,3,3,8,Estou satisfeito com minha qualidade de vida.,7,"Consigo equilibrar às vezes, mas nem sempre.",6,"Minha saúde física está ok, nada grave.",5,Tenho dias melhores e outros piores.,4,4,1,Sem observações relevantes.,4,A comida chega fria e sem sabor.,5,De vez em quando tem prato diferente.,3,Muitas vezes acaba a comida antes de todos se servirem.,7,"No geral está limpo, com algumas exceções.",3,3,2,3,2,2,3,"Sim, tenho tudo que preciso.",4,3,2,2,2,6,Tenho um orgulho moderado da OM.,Mais reconhecimento pelo trabalho realizado.,5,4,1,2,4,3,3,3,1,4,Não,,,,1,1,1,2,2,Nada a declarar.,Próprio Nacional Residencial (PNR),Até 15 minutos,3,2,2,3,3,2,4,4,O soldo não fecha com as contas.,"Apertada, mas sob controle",Nada a acrescentar.,4,4,4,1,4,3,2,2,2,3,2,2,3,"Manter como está, funciona bem.",7,"No geral, é razoável."
21,2026-08-12,7º R C Mec,Soldado (Efetivo Profissional – EP),Temporário,Ensino Superior Incompleto (faculdade em andamento),"Solteiro(a), sem filhos","Sim, mora comigo",3,4,3,3 a 4 vezes,3,3,3,7,Minha qualidade de vida é razoável.,6,"Consigo equilibrar às vezes, mas nem sempre.",5,"Minha saúde física está ok, nada grave.",7,Emocionalmente estou razoável.,4,3,2,Sem observações relevantes.,5,"Alguns dias está boa, outros nem tanto.",5,"Varia um pouco, mas podia ter mais opções.",5,A quantidade é suficiente na maioria dos dias.,5,"A limpeza é razoável, mas podia melhorar.",4,2,2,3,3,3,3,"Sim, tenho tudo que preciso.",3,3,3,3,2,9,Tenho muito orgulho de pertencer a esta OM.,Mais reconhecimento pelo trabalho realizado.,2,2,2,3,2,3,3,3,4,1,Não,,,,2,1,1,1,1,Falta divulgar melhor onde buscar ajuda.,Moradia cedida / com familiares,De 15 a 30 minutos,2,2,2,2,2,2,3,6,"Dá para pagar as contas, mas sem sobra.",Estável / equilibrada,O soldo não acompanha a inflação.,4,3,3,2,3,2,3,2,3,2,2,3,3,Avisar as escalas com mais antecedência.,4,Muitos pontos a corrigir.
22,2026-08-15,3ª Cia Eng Cmb Mec,2º Tenente,De Carreira,Ensino Superior Completo (Graduação),"Solteiro(a), com filhos","Sim, mora comigo",3,4,3,3 a 4 vezes,4,1,3,8,Consigo equilibrar bem minha vida.,5,"Consigo equilibrar às vezes, mas nem sempre.",6,Poderia cuidar melhor do corpo.,5,Emocionalmente estou razoável.,4,1,2,Nada a acrescentar.,5,"Alguns dias está boa, outros nem tanto.",3,"É sempre arroz, feijão e a mesma carne.",7,A quantidade é suficiente na maioria dos dias.,7,"No geral está limpo, com algumas exceções.",3,3,2,4,3,2,3,Falta material de instrução em bom estado.,1,4,3,2,3,6,Tenho um orgulho moderado da OM.,Melhorar o rancho.,4,4,3,2,4,1,3,3,4,2,Sim,3.0,1.0,4.0,2,1,2,1,2,Sem comentários adicionais.,Próprio Nacional Residencial (PNR),De 15 a 30 minutos,1,1,2,4,2,1,4,3,Estou endividado e preocupado.,"Apertada, mas sob controle",Gostaria de mais clareza sobre os descontos no contracheque.,4,3,3,3,4,3,1,4,3,4,3,3,4,Melhorar o mural de avisos.,7,Tem pontos bons e outros a melhorar.
23,2026-08-12,3º B Log,Capitão,De Carreira,Mestrado,"Solteiro(a), sem filhos","Sim, mora comigo",2,4,3,3 a 4 vezes,4,3,3,7,Minha qualidade de vida é razoável.,6,"Consigo equilibrar às vezes, mas nem sempre.",8,Me sinto bem fisicamente.,5,Tenho dias melhores e outros piores.,4,4,3,Sem observações relevantes.,5,"A comida é razoável, dá pra comer.",4,"É sempre arroz, feijão e a mesma carne.",7,"Às vezes é pouco, mas geralmente dá.",4,As mesas nem sempre estão limpas.,3,2,2,3,4,2,2,"Sim, o material é suficiente para o dia a dia.",2,2,2,3,3,7,"Depende do dia, mas no geral é ok.",Mais oportunidades de curso.,1,4,2,3,3,5,3,3,3,3,Sim,2.0,2.0,4.0,2,2,1,2,1,Sem comentários adicionais.,Imóvel próprio,De 15 a 30 minutos,2,2,2,3,3,3,4,4,Estou endividado e preocupado.,Estável / equilibrada,Nada a acrescentar.,1,3,4,2,2,2,1,3,3,3,4,2,2,"Manter como está, funciona bem.",7,Tem pontos bons e outros a melhorar.
24,2026-08-21,3º B Log,Tenente-Coronel,De Carreira,Pós-Graduação / Especialização,"Solteiro(a), com filhos","Sim, mora comigo",4,3,2,5 vezes ou mais,2,2,4,5,Tem dias bons e dias ruins.,7,"Consigo equilibrar às vezes, mas nem sempre.",7,"Minha saúde física está ok, nada grave.",6,Emocionalmente estou razoável.,3,4,3,Poderiam ajudar mais quem tem filhos pequenos.,4,Falta tempero na maioria dos pratos.,6,De vez em quando tem prato diferente.,6,A quantidade é suficiente na maioria dos dias.,3,As mesas nem sempre estão limpas.,3,2,1,3,2,3,3,"Sim, tenho tudo que preciso.",1,3,3,1,1,8,Sinto-me honrado em servir aqui.,Melhorar as condições do alojamento.,2,1,5,2,1,4,5,3,3,2,Sim,3.0,2.0,3.0,2,1,1,2,1,Nada a declarar.,Imóvel próprio,Até 15 minutos,1,2,2,2,3,4,2,3,Situação financeira apertada este mês.,Confortável,O soldo não acompanha a inflação.,2,2,3,1,2,3,4,3,3,2,3,4,3,Melhorar o mural de avisos.,4,O ambiente está bem desgastado.
25,2026-08-19,2ª Bia AAAe,1º Sargento,De Carreira,Ensino Médio Completo / Técnico,"Casado(a) / união estável, com filhos",Mora em outra cidade (longe de mim),2,4,3,3 a 4 vezes,3,2,2,5,Minha qualidade de vida é razoável.,7,Depende muito da semana.,7,"Minha saúde física está ok, nada grave.",4,Ando estressado e ansioso.,3,2,2,Poderiam ajudar mais quem tem filhos pequenos.,5,"A comida é razoável, dá pra comer.",7,"Varia um pouco, mas podia ter mais opções.",6,"Às vezes é pouco, mas geralmente dá.",8,A higiene do local é muito boa.,3,3,3,3,3,2,4,"Sim, o material é suficiente para o dia a dia.",3,4,3,2,1,7,Tenho um orgulho moderado da OM.,Melhorar o rancho.,4,2,3,2,2,5,3,2,2,2,Sim,2.0,3.0,2.0,1,1,2,1,2,Nada a declarar.,Imóvel próprio,Mais de 60 minutos,1,1,3,3,4,3,3,6,"Dá para pagar as contas, mas sem sobra.",Estável / equilibrada,Sem comentários adicionais.,4,3,4,2,4,2,1,3,4,2,4,2,3,Melhorar o mural de avisos.,6,"No geral, é razoável."
26,2026-08-13,2ª Bia AAAe,1º Sargento,De Carreira,Ensino Médio Completo / Técnico,"Casado(a) / união estável, sem filhos","Sim, mora comigo",3,4,3,Nenhuma vez,2,3,2,7,Minha qualidade de vida é razoável.,5,Depende muito da semana.,6,"Minha saúde física está ok, nada grave.",3,Minha cabeça anda muito cheia.,2,4,4,Sem observações relevantes.,3,O tempero está sempre muito fraco.,5,De vez em quando tem prato diferente.,7,A quantidade é suficiente na maioria dos dias.,3,O rancho precisa de mais limpeza.,3,2,2,2,2,1,4,Faltam viaturas disponíveis para treinar.,3,3,4,3,2,5,Tenho um orgulho moderado da OM.,Melhorar o rancho.,3,3,2,2,2,3,4,4,3,3,Sim,1.0,4.0,4.0,1,1,1,3,1,Sem comentários adicionais.,Próprio Nacional Residencial (PNR),De 30 a 60 minutos,3,2,2,3,2,3,2,3,Estou endividado e preocupado.,"Apertada, mas sob controle",O soldo não acompanha a inflação.,3,3,2,1,2,3,1,2,2,3,3,3,3,"Manter como está, funciona bem.",7,"No geral, é razoável."
27,2026-08-18,3ª Cia Eng Cmb Mec,Subtenente,De Carreira,Ensino Superior Completo (Graduação),"Casado(a) / união estável, sem filhos",Mora em outra cidade (longe de mim),3,3,4,1 a 2 vezes,2,2,2,7,Minha qualidade de vida é razoável.,2,O serviço toma quase todo o meu tempo.,8,Tenho me exercitado e me sinto disposto.,7,Emocionalmente estou razoável.,4,4,4,Gostaria de mais apoio para militares com família longe.,3,O tempero está sempre muito fraco.,5,"Varia um pouco, mas podia ter mais opções.",7,A quantidade é suficiente na maioria dos dias.,7,"No geral está limpo, com algumas exceções.",2,1,3,2,4,3,4,"Sim, o material é suficiente para o dia a dia.",2,1,3,3,2,7,"Depende do dia, mas no geral é ok.",Melhorar a comunicação entre os setores.,4,4,4,1,3,5,2,3,2,2,Sim,2.0,4.0,2.0,1,1,1,1,1,Nada a declarar.,Imóvel alugado por conta própria,Até 15 minutos,1,2,2,3,2,3,3,5,Consigo me organizar razoavelmente.,"Apertada, mas sob controle",Nada a acrescentar.,4,3,4,3,3,2,3,3,2,4,3,2,2,Melhorar o mural de avisos.,6,"No geral, é razoável."
28,2026-08-10,25º GAC,3º Sargento,De Carreira,Ensino Superior Incompleto (faculdade em andamento),"Solteiro(a), sem filhos","Sim, mora comigo",2,3,3,Nenhuma vez,3,2,2,6,Tem dias bons e dias ruins.,4,O serviço toma quase todo o meu tempo.,6,"Minha saúde física está ok, nada grave.",3,Tenho me sentido para baixo ultimamente.,4,4,3,Gostaria de mais apoio para militares com família longe.,5,"O sabor é ok, mas podia melhorar.",3,Falta variedade nas saladas e legumes.,5,A quantidade é suficiente na maioria dos dias.,6,"A limpeza é razoável, mas podia melhorar.",2,1,1,4,3,2,3,Falta fardamento e botas em número suficiente.,2,3,4,2,1,4,Não sinto muito orgulho de estar aqui.,Melhorar o rancho.,5,3,2,3,2,3,3,4,3,3,Sim,3.0,4.0,2.0,1,1,3,1,1,Seria bom ter mais palestras sobre saúde mental.,Próprio Nacional Residencial (PNR),De 15 a 30 minutos,2,2,1,2,2,2,2,2,Situação financeira apertada este mês.,"Apertada, mas sob controle",Gostaria de mais clareza sobre os descontos no contracheque.,4,2,4,2,3,4,3,2,1,1,3,2,3,"Manter como está, funciona bem.",6,Tem pontos bons e outros a melhorar.
29,2026-08-20,25º GAC,Cabo,Temporário,Ensino Superior Incompleto (faculdade em andamento),"Casado(a) / união estável, com filhos",Mora em outra cidade (longe de mim),4,3,3,1 a 2 vezes,3,1,3,4,Tenho pouco tempo para mim mesmo.,6,Depende muito da semana.,5,"Minha saúde física está ok, nada grave.",6,Tenho dias melhores e outros piores.,4,3,2,Poderiam ajudar mais quem tem filhos pequenos.,4,O tempero está sempre muito fraco.,6,"Varia um pouco, mas podia ter mais opções.",5,A quantidade é suficiente na maioria dos dias.,6,"No geral está limpo, com algumas exceções.",3,3,3,3,3,1,3,Falta fardamento e botas em número suficiente.,3,3,3,2,2,6,"Depende do dia, mas no geral é ok.",Melhorar as condições do alojamento.,2,4,3,2,3,5,1,2,4,1,Não,,,,1,3,1,2,1,Nada a declarar.,Alojamento na OM,Até 15 minutos,2,1,2,4,1,4,3,5,Consigo me organizar razoavelmente.,"Apertada, mas sob controle",O soldo não acompanha a inflação.,3,1,3,3,3,3,2,4,3,3,2,2,3,Melhorar o mural de avisos.,5,"No geral, é razoável."
30,2026-08-20,3º R C Mec,Soldado (Efetivo Profissional – EP),Temporário,Ensino Médio Completo / Técnico,"Solteiro(a), sem filhos","Sim, mora comigo",1,4,3,1 a 2 vezes,3,3,2,6,Tem dias bons e dias ruins.,6,"Consigo equilibrar às vezes, mas nem sempre.",5,Poderia cuidar melhor do corpo.,9,Me sinto emocionalmente bem.,4,3,3,Gostaria de mais apoio para militares com família longe.,5,"A comida é razoável, dá pra comer.",5,"Varia um pouco, mas podia ter mais opções.",2,Serve pouco e não dá pra repetir.,5,"No geral está limpo, com algumas exceções.",3,2,3,2,2,2,3,Faltam viaturas disponíveis para treinar.,1,3,4,3,1,8,Sinto-me honrado em servir aqui.,Melhorar a comunicação entre os setores.,5,4,3,2,2,3,4,1,3,1,Não,,,,3,1,1,1,1,Falta divulgar melhor onde buscar ajuda.,Alojamento na OM,De 15 a 30 minutos,2,3,2,4,2,1,3,7,Consigo me organizar razoavelmente.,Endividado(a) / com dificuldades,Nada a acrescentar.,3,4,2,4,2,3,2,2,2,3,3,3,2,Melhorar o mural de avisos.,6,Tem pontos bons e outros a melhorar.
31,2026-08-21,3º B Log,3º Sargento,De Carreira,Ensino Superior Completo (Graduação),"Solteiro(a), com filhos","Sim, mora comigo",3,3,4,5 vezes ou mais,2,3,1,8,Estou satisfeito com minha qualidade de vida.,6,Depende muito da semana.,7,Poderia cuidar melhor do corpo.,3,Tenho me sentido para baixo ultimamente.,2,3,4,Poderiam ajudar mais quem tem filhos pequenos.,5,"O sabor é ok, mas podia melhorar.",4,Falta variedade nas saladas e legumes.,5,A quantidade é suficiente na maioria dos dias.,6,"A limpeza é razoável, mas podia melhorar.",3,4,1,1,2,4,2,"Sim, o material é suficiente para o dia a dia.",3,3,2,4,2,9,Sinto-me honrado em servir aqui.,Reduzir a burocracia interna.,3,3,2,2,3,3,4,2,3,4,Sim,2.0,2.0,4.0,1,1,1,2,2,Seria bom ter mais palestras sobre saúde mental.,Imóvel alugado por conta própria,Até 15 minutos,2,2,2,2,2,3,2,5,"Dá para pagar as contas, mas sem sobra.",Estável / equilibrada,O soldo não acompanha a inflação.,3,2,3,3,2,1,2,3,4,2,2,2,2,Fazer reuniões mais curtas e objetivas.,6,"No geral, é razoável."
32,2026-08-12,7º R C Mec,Soldado (Efetivo Profissional – EP),Temporário,Ensino Médio Incompleto,"Solteiro(a), com filhos","Sim, mora comigo",3,4,3,Nenhuma vez,3,2,1,6,Tem dias bons e dias ruins.,4,Quase não sobra tempo pra família.,8,Tenho me exercitado e me sinto disposto.,8,Estou tranquilo e equilibrado.,2,1,4,Nada a acrescentar.,7,"Alguns dias está boa, outros nem tanto.",7,De vez em quando tem prato diferente.,4,Serve pouco e não dá pra repetir.,7,"No geral está limpo, com algumas exceções.",3,3,2,2,1,1,4,O material é antigo e precisa de manutenção.,3,3,3,1,2,5,Tenho um orgulho moderado da OM.,Melhorar o rancho.,4,3,2,4,3,4,2,2,4,1,Não,,,,1,2,2,1,1,Sem comentários adicionais.,Imóvel alugado por conta própria,De 15 a 30 minutos,3,3,1,2,1,2,2,5,Consigo me organizar razoavelmente.,"Apertada, mas sob controle",Sem comentários adicionais.,3,3,3,3,2,1,3,3,3,2,4,1,1,Melhorar o mural de avisos.,8,"No geral, o ambiente é muito bom."
33,2026-08-12,3º R C Mec,Soldado (Efetivo Profissional – EP),Temporário,Ensino Médio Completo / Técnico,"Solteiro(a), sem filhos","Sim, mora comigo",3,2,3,5 vezes ou mais,3,2,2,4,Ando cansado e sem tempo de qualidade.,5,Depende muito da semana.,8,Tenho me exercitado e me sinto disposto.,5,Tenho dias melhores e outros piores.,2,4,3,Sem observações relevantes.,4,A comida chega fria e sem sabor.,5,"Varia um pouco, mas podia ter mais opções.",4,Serve pouco e não dá pra repetir.,4,Falta higiene na hora de servir.,3,3,1,2,3,1,4,"Sim, tenho tudo que preciso.",3,4,2,3,2,5,"Depende do dia, mas no geral é ok.",Mais reconhecimento pelo trabalho realizado.,4,2,3,4,4,3,5,2,2,3,Não,,,,2,1,2,1,1,Seria bom ter mais palestras sobre saúde mental.,Imóvel alugado por conta própria,De 30 a 60 minutos,2,1,4,3,2,3,3,5,"Dá para pagar as contas, mas sem sobra.",Estável / equilibrada,Gostaria de mais clareza sobre os descontos no contracheque.,4,4,4,3,4,2,1,4,4,3,3,2,3,"Manter como está, funciona bem.",6,"No geral, é razoável."
34,2026-08-20,3º B Log,3º Sargento,De Carreira,Ensino Médio Completo / Técnico,"Casado(a) / união estável, sem filhos",Mora em outra cidade (longe de mim),3,3,3,3 a 4 vezes,3,1,1,6,Tem dias bons e dias ruins.,9,Tenho tempo suficiente para minha família.,7,"Minha saúde física está ok, nada grave.",6,Emocionalmente estou razoável.,2,4,2,Sem observações relevantes.,3,A comida é sem sal e sem gosto.,4,"É sempre arroz, feijão e a mesma carne.",5,A quantidade é suficiente na maioria dos dias.,7,"A limpeza é razoável, mas podia melhorar.",2,2,2,4,2,1,3,O material é antigo e precisa de manutenção.,2,2,2,2,3,6,"Depende do dia, mas no geral é ok.",Mais reconhecimento pelo trabalho realizado.,3,2,2,2,2,4,2,3,2,1,Sim,2.0,2.0,3.0,1,1,2,2,1,Falta divulgar melhor onde buscar ajuda.,Moradia cedida / com familiares,De 15 a 30 minutos,1,1,2,3,3,3,1,7,"Dá para pagar as contas, mas sem sobra.","Apertada, mas sob controle",Nada a acrescentar.,3,3,2,3,3,2,3,3,3,2,1,3,2,Avisar as escalas com mais antecedência.,6,Tem pontos bons e outros a melhorar.
35,2026-08-10,3ª Cia Eng Cmb Mec,2º Sargento,De Carreira,Ensino Médio Completo / Técnico,"Casado(a) / união estável, com filhos","Sim, mora comigo",3,2,2,5 vezes ou mais,1,3,3,7,Tem dias bons e dias ruins.,6,"Consigo equilibrar às vezes, mas nem sempre.",8,Me sinto bem fisicamente.,7,Tenho dias melhores e outros piores.,4,4,3,Poderiam ajudar mais quem tem filhos pequenos.,7,"O sabor é ok, mas podia melhorar.",5,"Varia um pouco, mas podia ter mais opções.",6,"Às vezes é pouco, mas geralmente dá.",9,O rancho é sempre limpo e organizado.,2,2,3,4,2,2,2,"Sim, tenho tudo que preciso.",3,4,2,4,3,7,"Depende do dia, mas no geral é ok.",Melhorar o rancho.,4,2,2,1,3,3,4,2,3,2,Sim,3.0,2.0,3.0,1,1,1,2,1,Nada a declarar.,Imóvel próprio,De 15 a 30 minutos,2,2,1,3,2,1,3,3,O soldo não fecha com as contas.,Estável / equilibrada,Sem comentários adicionais.,3,3,4,4,3,3,2,4,4,3,2,3,2,Melhorar o mural de avisos.,5,"No geral, é razoável."
36,2026-08-10,2ª Bia AAAe,Soldado (Efetivo Profissional – EP),Temporário,Ensino Médio Completo / Técnico,"Casado(a) / união estável, sem filhos","Sim, mora comigo",2,3,2,3 a 4 vezes,3,3,2,7,Minha qualidade de vida é razoável.,6,Depende muito da semana.,7,Poderia cuidar melhor do corpo.,5,Tenho dias melhores e outros piores.,4,4,3,Nada a acrescentar.,3,Falta tempero na maioria dos pratos.,9,O cardápio tem bastante variedade.,4,Serve pouco e não dá pra repetir.,6,"A limpeza é razoável, mas podia melhorar.",3,2,2,4,3,1,1,Faltam viaturas disponíveis para treinar.,4,4,3,2,2,9,Sinto-me honrado em servir aqui.,Melhorar as condições do alojamento.,5,2,3,1,2,1,5,2,2,2,Não,,,,1,1,2,2,1,Sem comentários adicionais.,Imóvel alugado por conta própria,De 15 a 30 minutos,1,2,2,2,1,4,2,5,"Dá para pagar as contas, mas sem sobra.",Estável / equilibrada,Nada a acrescentar.,2,3,4,2,3,2,1,2,4,1,2,2,4,Melhorar o mural de avisos.,7,"No geral, é razoável."
37,2026-08-11,7º R C Mec,3º Sargento,De Carreira,Ensino Superior Incompleto (faculdade em andamento),"Solteiro(a), sem filhos",Mora em outra cidade (longe de mim),3,3,4,1 a 2 vezes,4,3,3,5,Minha qualidade de vida é razoável.,7,Depende muito da semana.,6,Poderia cuidar melhor do corpo.,8,Estou tranquilo e equilibrado.,3,4,3,Poderiam ajudar mais quem tem filhos pequenos.,5,"A comida é razoável, dá pra comer.",5,De vez em quando tem prato diferente.,7,A quantidade é suficiente na maioria dos dias.,5,"A limpeza é razoável, mas podia melhorar.",2,3,3,3,2,3,2,"Sim, o material é suficiente para o dia a dia.",2,4,2,3,1,2,Preferia servir em outra OM.,Mais reconhecimento pelo trabalho realizado.,3,3,2,3,1,3,4,3,4,1,Sim,3.0,4.0,2.0,2,1,1,1,2,Seria bom ter mais palestras sobre saúde mental.,Imóvel próprio,Até 15 minutos,1,3,2,3,2,1,3,5,Consigo me organizar razoavelmente.,"Apertada, mas sob controle",O soldo não acompanha a inflação.,3,3,2,3,3,1,1,3,4,2,3,4,1,Melhorar o mural de avisos.,5,Tem pontos bons e outros a melhorar.
38,2026-08-21,QG 3ª Bda C Mec,3º Sargento,De Carreira,Ensino Médio Completo / Técnico,"Casado(a) / união estável, com filhos","Sim, mora comigo",4,4,4,1 a 2 vezes,1,3,3,6,Minha qualidade de vida é razoável.,7,Depende muito da semana.,8,Me sinto bem fisicamente.,5,Emocionalmente estou razoável.,4,4,3,Gostaria de mais apoio para militares com família longe.,9,"Gosto da comida do rancho, tem bom sabor.",1,Falta variedade nas saladas e legumes.,5,A quantidade é suficiente na maioria dos dias.,7,"No geral está limpo, com algumas exceções.",4,2,3,3,3,4,2,"Sim, tenho tudo que preciso.",4,4,4,2,3,5,Tenho um orgulho moderado da OM.,Mais reconhecimento pelo trabalho realizado.,3,2,3,2,2,2,3,2,1,1,Sim,2.0,2.0,3.0,1,1,1,1,1,Nada a declarar.,Próprio Nacional Residencial (PNR),Mais de 60 minutos,2,2,2,4,2,3,2,5,"Dá para pagar as contas, mas sem sobra.",Estável / equilibrada,O soldo não acompanha a inflação.,3,4,3,2,3,4,3,3,3,2,2,3,2,Fazer reuniões mais curtas e objetivas.,6,Tem pontos bons e outros a melhorar.
39,2026-08-15,Esqd Cmdo,Cabo,Temporário,Ensino Superior Incompleto (faculdade em andamento),"Solteiro(a), sem filhos",Mora em outra cidade (longe de mim),4,4,4,1 a 2 vezes,2,3,3,4,Ando cansado e sem tempo de qualidade.,4,Trabalho demais e descanso de menos.,8,Tenho me exercitado e me sinto disposto.,4,Minha cabeça anda muito cheia.,4,3,4,Poderiam ajudar mais quem tem filhos pequenos.,6,"Alguns dias está boa, outros nem tanto.",4,"É sempre arroz, feijão e a mesma carne.",3,Serve pouco e não dá pra repetir.,7,"A limpeza é razoável, mas podia melhorar.",2,4,3,2,2,4,3,O material é antigo e precisa de manutenção.,2,1,3,3,2,7,Tenho um orgulho moderado da OM.,Melhorar a comunicação entre os setores.,4,3,2,4,3,3,5,3,2,3,Não,,,,2,2,1,1,2,Seria bom ter mais palestras sobre saúde mental.,Alojamento na OM,Até 15 minutos,3,3,1,3,2,1,2,3,Estou endividado e preocupado.,Endividado(a) / com dificuldades,Sem comentários adicionais.,2,3,2,3,3,2,2,3,1,2,2,3,4,Avisar as escalas com mais antecedência.,5,Tem pontos bons e outros a melhorar.
40,2026-08-21,13ª Cia Com Mec,Cabo,Temporário,Ensino Médio Completo / Técnico,"Solteiro(a), sem filhos",Mora em outra cidade (longe de mim),2,4,3,5 vezes ou mais,3,2,3,7,Minha qualidade de vida é razoável.,9,Tenho tempo suficiente para minha família.,6,"Minha saúde física está ok, nada grave.",5,Emocionalmente estou razoável.,2,3,3,Nada a acrescentar.,5,"O sabor é ok, mas podia melhorar.",6,"Varia um pouco, mas podia ter mais opções.",3,Serve pouco e não dá pra repetir.,6,"No geral está limpo, com algumas exceções.",3,3,2,4,3,2,2,Falta material de instrução em bom estado.,1,2,4,2,3,8,Sinto-me honrado em servir aqui.,Melhorar a comunicação entre os setores.,5,4,4,4,2,5,4,4,3,4,Não,,,,1,1,1,1,2,Sem comentários adicionais.,Moradia cedida / com familiares,De 15 a 30 minutos,2,2,3,3,3,3,2,7,"Dá para pagar as contas, mas sem sobra.",Confortável,Sem comentários adicionais.,4,3,3,2,4,2,2,1,2,4,2,2,4,Avisar as escalas com mais antecedência.,5,"No geral, é razoável."
41,2026-08-16,3ª Cia Eng Cmb Mec,Subtenente,De Carreira,Ensino Superior Incompleto (faculdade em andamento),"Casado(a) / união estável, com filhos",Não se aplica,3,4,4,5 vezes ou mais,2,2,4,7,Minha qualidade de vida é razoável.,7,Depende muito da semana.,5,"Minha saúde física está ok, nada grave.",8,Me sinto emocionalmente bem.,4,3,4,Sem observações relevantes.,6,"A comida é razoável, dá pra comer.",5,De vez em quando tem prato diferente.,5,A quantidade é suficiente na maioria dos dias.,7,"A limpeza é razoável, mas podia melhorar.",2,2,2,2,2,4,1,Faltam viaturas disponíveis para treinar.,3,4,2,2,2,6,Tenho um orgulho moderado da OM.,Melhorar as condições do alojamento.,3,3,3,3,4,4,4,3,2,3,Sim,3.0,2.0,3.0,1,1,1,1,1,Falta divulgar melhor onde buscar ajuda.,Moradia cedida / com familiares,De 30 a 60 minutos,1,2,2,3,4,1,2,5,Consigo me organizar razoavelmente.,"Apertada, mas sob controle",Sem comentários adicionais.,2,3,3,3,3,2,1,2,3,2,3,3,3,Avisar as escalas com mais antecedência.,6,Tem pontos bons e outros a melhorar.
42,2026-08-15,2ª Bia AAAe,Cabo,Temporário,Ensino Superior Incompleto (faculdade em andamento),"Casado(a) / união estável, sem filhos","Sim, mora comigo",1,3,3,5 vezes ou mais,2,4,1,8,Estou satisfeito com minha qualidade de vida.,4,Trabalho demais e descanso de menos.,9,Tenho me exercitado e me sinto disposto.,6,Emocionalmente estou razoável.,4,4,2,Poderiam ajudar mais quem tem filhos pequenos.,6,"Alguns dias está boa, outros nem tanto.",4,"É sempre arroz, feijão e a mesma carne.",6,"Às vezes é pouco, mas geralmente dá.",5,"A limpeza é razoável, mas podia melhorar.",2,2,2,4,2,3,3,"Sim, tenho tudo que preciso.",1,3,2,2,1,6,Tenho um orgulho moderado da OM.,Melhorar o rancho.,4,4,2,3,2,4,3,4,2,2,Não,,,,1,3,1,1,2,Seria bom ter mais palestras sobre saúde mental.,Alojamento na OM,De 15 a 30 minutos,2,1,1,2,3,1,2,2,Estou endividado e preocupado.,Estável / equilibrada,Nada a acrescentar.,3,4,3,2,4,1,2,3,3,3,3,2,3,"Manter como está, funciona bem.",5,"No geral, é razoável."
43,2026-08-13,25º GAC,Capitão,De Carreira,Pós-Graduação / Especialização,"Solteiro(a), sem filhos",Mora em outra cidade (longe de mim),2,3,2,1 a 2 vezes,4,3,2,8,Estou satisfeito com minha qualidade de vida.,4,Trabalho demais e descanso de menos.,7,Poderia cuidar melhor do corpo.,4,Minha cabeça anda muito cheia.,4,3,3,Sem observações relevantes.,6,"A comida é razoável, dá pra comer.",6,De vez em quando tem prato diferente.,2,Muitas vezes acaba a comida antes de todos se servirem.,6,"A limpeza é razoável, mas podia melhorar.",4,2,2,3,2,1,3,Faltam viaturas disponíveis para treinar.,3,3,2,1,2,8,Tenho muito orgulho de pertencer a esta OM.,Melhorar as condições do alojamento.,4,2,1,3,3,4,4,2,3,4,Sim,4.0,4.0,2.0,1,1,2,2,2,Falta divulgar melhor onde buscar ajuda.,Próprio Nacional Residencial (PNR),Mais de 60 minutos,2,3,1,2,2,4,3,4,Estou endividado e preocupado.,Estável / equilibrada,Sem comentários adicionais.,3,3,3,2,3,1,3,1,2,2,3,2,2,"Manter como está, funciona bem.",4,O ambiente está bem desgastado.
44,2026-08-14,3º R C Mec,Soldado (Efetivo Profissional – EP),Temporário,Ensino Médio Incompleto,"Casado(a) / união estável, sem filhos","Sim, mora comigo",4,3,2,1 a 2 vezes,2,1,3,8,Consigo equilibrar bem minha vida.,6,"Consigo equilibrar às vezes, mas nem sempre.",7,Poderia cuidar melhor do corpo.,6,Emocionalmente estou razoável.,4,3,2,Sem observações relevantes.,4,A comida chega fria e sem sabor.,7,De vez em quando tem prato diferente.,3,A quantidade servida é pouca.,7,"A limpeza é razoável, mas podia melhorar.",2,3,2,3,2,2,3,Falta fardamento e botas em número suficiente.,1,4,3,2,1,8,Sinto-me honrado em servir aqui.,Mais reconhecimento pelo trabalho realizado.,4,2,3,2,3,3,4,2,3,3,Não,,,,1,1,1,1,1,Seria bom ter mais palestras sobre saúde mental.,Alojamento na OM,Mais de 60 minutos,3,1,1,4,4,2,3,5,Consigo me organizar razoavelmente.,Estável / equilibrada,Sem comentários adicionais.,2,3,3,1,4,3,2,2,4,2,2,2,2,Avisar as escalas com mais antecedência.,6,"No geral, é razoável."
45,2026-08-19,7º R C Mec,Major,De Carreira,Pós-Graduação / Especialização,"Casado(a) / união estável, com filhos","Sim, mora comigo",3,4,3,3 a 4 vezes,3,3,3,6,Minha qualidade de vida é razoável.,3,O serviço toma quase todo o meu tempo.,8,Tenho me exercitado e me sinto disposto.,6,Tenho dias melhores e outros piores.,4,4,4,Sem observações relevantes.,2,A comida chega fria e sem sabor.,2,Falta variedade nas saladas e legumes.,6,A quantidade é suficiente na maioria dos dias.,5,"A limpeza é razoável, mas podia melhorar.",2,3,3,2,3,2,4,O material é antigo e precisa de manutenção.,2,3,3,2,2,7,Tenho um orgulho moderado da OM.,Melhorar as condições do alojamento.,4,2,3,5,4,4,4,3,3,3,Sim,3.0,4.0,3.0,2,1,1,1,1,Falta divulgar melhor onde buscar ajuda.,Imóvel alugado por conta própria,Até 15 minutos,3,4,2,4,1,4,3,6,"Dá para pagar as contas, mas sem sobra.","Apertada, mas sob controle",O soldo não acompanha a inflação.,4,2,3,3,3,2,3,2,2,1,3,2,2,Fazer reuniões mais curtas e objetivas.,5,"No geral, é razoável."
46,2026-08-12,9º RCB,Cabo,Temporário,Ensino Superior Incompleto (faculdade em andamento),"Casado(a) / união estável, com filhos","Sim, mora comigo",2,4,4,3 a 4 vezes,1,3,4,6,Tem dias bons e dias ruins.,6,"Consigo equilibrar às vezes, mas nem sempre.",7,"Minha saúde física está ok, nada grave.",5,Tenho dias melhores e outros piores.,4,2,3,Sem observações relevantes.,3,O tempero está sempre muito fraco.,5,"Varia um pouco, mas podia ter mais opções.",6,"Às vezes é pouco, mas geralmente dá.",7,"No geral está limpo, com algumas exceções.",3,3,2,3,1,1,3,Falta material de instrução em bom estado.,2,4,4,3,2,7,"Depende do dia, mas no geral é ok.",Melhorar o rancho.,4,3,3,3,3,3,2,2,3,1,Não,,,,1,3,1,1,2,Nada a declarar.,Alojamento na OM,De 15 a 30 minutos,1,1,1,4,3,3,4,3,Situação financeira apertada este mês.,Estável / equilibrada,Sem comentários adicionais.,3,2,4,3,2,3,2,4,2,4,2,2,3,Avisar as escalas com mais antecedência.,9,"No geral, o ambiente é muito bom."
47,2026-08-15,13ª Cia Com Mec,2º Tenente,De Carreira,Ensino Superior Completo (Graduação),"Solteiro(a), sem filhos",Mora em outra cidade (longe de mim),1,4,3,3 a 4 vezes,2,2,3,6,Minha qualidade de vida é razoável.,8,Tenho tempo suficiente para minha família.,9,Tenho me exercitado e me sinto disposto.,7,Tenho dias melhores e outros piores.,4,4,4,Poderiam ajudar mais quem tem filhos pequenos.,6,"A comida é razoável, dá pra comer.",6,De vez em quando tem prato diferente.,4,Muitas vezes acaba a comida antes de todos se servirem.,7,"A limpeza é razoável, mas podia melhorar.",1,2,1,1,2,3,4,"Sim, o material é suficiente para o dia a dia.",3,3,3,2,2,5,"Depende do dia, mas no geral é ok.",Melhorar o rancho.,2,3,4,2,4,3,5,2,4,3,Sim,3.0,3.0,4.0,2,1,1,1,1,Seria bom ter mais palestras sobre saúde mental.,Próprio Nacional Residencial (PNR),Até 15 minutos,2,2,2,4,4,3,3,3,O soldo não fecha com as contas.,Estável / equilibrada,Gostaria de mais clareza sobre os descontos no contracheque.,3,3,2,2,3,3,3,4,4,2,2,2,1,Fazer reuniões mais curtas e objetivas.,7,"No geral, é razoável."
48,2026-08-17,3º R C Mec,Cabo,Temporário,Ensino Médio Completo / Técnico,"Casado(a) / união estável, com filhos","Sim, mora comigo",3,4,3,1 a 2 vezes,2,2,2,8,Consigo equilibrar bem minha vida.,7,Depende muito da semana.,6,"Minha saúde física está ok, nada grave.",7,Emocionalmente estou razoável.,4,3,4,Poderiam ajudar mais quem tem filhos pequenos.,5,"A comida é razoável, dá pra comer.",2,"É sempre arroz, feijão e a mesma carne.",6,"Às vezes é pouco, mas geralmente dá.",5,"No geral está limpo, com algumas exceções.",3,2,3,3,2,3,3,Falta material de instrução em bom estado.,2,3,4,3,3,8,Tenho muito orgulho de pertencer a esta OM.,Melhorar as condições do alojamento.,4,4,4,2,4,4,4,2,3,1,Não,,,,1,1,2,2,2,Sem comentários adicionais.,Alojamento na OM,De 15 a 30 minutos,3,2,2,2,3,2,3,2,O soldo não fecha com as contas.,Estável / equilibrada,Sem comentários adicionais.,3,4,2,4,4,1,2,2,2,4,1,4,1,Avisar as escalas com mais antecedência.,4,Precisa melhorar bastante.
49,2026-08-13,Esqd Cmdo,1º Sargento,De Carreira,Ensino Médio Completo / Técnico,"Casado(a) / união estável, com filhos",Mora em outra cidade (longe de mim),3,3,3,5 vezes ou mais,2,3,2,6,Minha qualidade de vida é razoável.,5,Depende muito da semana.,7,Poderia cuidar melhor do corpo.,6,Tenho dias melhores e outros piores.,4,2,3,Nada a acrescentar.,4,Falta tempero na maioria dos pratos.,5,De vez em quando tem prato diferente.,5,"Às vezes é pouco, mas geralmente dá.",3,O rancho precisa de mais limpeza.,1,2,1,2,2,2,3,"Sim, tenho tudo que preciso.",2,3,2,3,2,5,"Depende do dia, mas no geral é ok.",Mais oportunidades de curso.,3,4,3,3,5,3,3,1,2,2,Sim,3.0,2.0,2.0,1,1,1,1,1,Falta divulgar melhor onde buscar ajuda.,Imóvel próprio,De 15 a 30 minutos,2,1,3,2,4,2,4,6,"Dá para pagar as contas, mas sem sobra.",Estável / equilibrada,O soldo não acompanha a inflação.,3,3,3,1,4,2,3,4,3,2,3,4,2,Fazer reuniões mais curtas e objetivas.,7,"No geral, é razoável."
50,2026-08-17,Esqd Cmdo,1º Sargento,De Carreira,Ensino Médio Completo / Técnico,"Casado(a) / união estável, sem filhos","Sim, mora comigo",2,4,2,3 a 4 vezes,2,4,4,8,Estou satisfeito com minha qualidade de vida.,5,Depende muito da semana.,7,Poderia cuidar melhor do corpo.,8,Me sinto emocionalmente bem.,4,3,3,Nada a acrescentar.,4,A comida é sem sal e sem gosto.,6,De vez em quando tem prato diferente.,3,Serve pouco e não dá pra repetir.,7,"A limpeza é razoável, mas podia melhorar.",3,4,3,3,3,2,4,Falta material de instrução em bom estado.,2,3,2,3,2,8,Sinto-me honrado em servir aqui.,Melhorar o rancho.,3,3,4,3,2,4,4,2,4,4,Sim,3.0,2.0,2.0,2,1,1,2,1,Sem comentários adicionais.,Moradia cedida / com familiares,Até 15 minutos,1,2,2,2,3,2,1,5,Consigo me organizar razoavelmente.,"Apertada, mas sob controle",Gostaria de mais clareza sobre os descontos no contracheque.,4,3,3,2,2,1,4,2,4,3,2,4,3,Fazer reuniões mais curtas e objetivas.,7,"No geral, é razoável."
51,2026-08-19,QG 3ª Bda C Mec,Soldado (Efetivo Profissional – EP),Temporário,Ensino Superior Incompleto (faculdade em andamento),"Solteiro(a), sem filhos","Sim, mora comigo",3,3,2,5 vezes ou mais,3,2,4,8,Consigo equilibrar bem minha vida.,6,Depende muito da semana.,5,"Minha saúde física está ok, nada grave.",3,Ando estressado e ansioso.,3,4,4,Sem observações relevantes.,3,A comida chega fria e sem sabor.,3,"É sempre arroz, feijão e a mesma carne.",6,A quantidade é suficiente na maioria dos dias.,5,"No geral está limpo, com algumas exceções.",1,2,3,2,4,2,4,O material é antigo e precisa de manutenção.,1,3,2,2,2,7,"Depende do dia, mas no geral é ok.",Mais reconhecimento pelo trabalho realizado.,3,2,3,4,3,5,4,4,2,3,Não,,,,1,1,2,1,1,Seria bom ter mais palestras sobre saúde mental.,Alojamento na OM,De 15 a 30 minutos,3,2,3,2,2,3,4,5,"Dá para pagar as contas, mas sem sobra.",Estável / equilibrada,O soldo não acompanha a inflação.,2,3,4,3,2,1,1,3,3,2,3,3,3,Fazer reuniões mais curtas e objetivas.,5,"No geral, é razoável."
52,2026-08-12,3º R C Mec,Capitão,De Carreira,Ensino Superior Completo (Graduação),"Casado(a) / união estável, sem filhos",Mora em outra cidade (longe de mim),2,3,2,3 a 4 vezes,2,4,3,6,Tem dias bons e dias ruins.,6,Depende muito da semana.,6,Poderia cuidar melhor do corpo.,6,Emocionalmente estou razoável.,2,3,4,Gostaria de mais apoio para militares com família longe.,9,"Gosto da comida do rancho, tem bom sabor.",5,"Varia um pouco, mas podia ter mais opções.",2,Serve pouco e não dá pra repetir.,4,As mesas nem sempre estão limpas.,3,3,2,3,1,3,3,Faltam viaturas disponíveis para treinar.,3,3,3,3,2,10,Sinto-me honrado em servir aqui.,Mais oportunidades de curso.,3,3,5,3,3,3,2,2,3,1,Sim,2.0,4.0,4.0,3,1,1,1,2,Falta divulgar melhor onde buscar ajuda.,Imóvel próprio,De 15 a 30 minutos,2,2,1,2,1,2,3,2,Situação financeira apertada este mês.,Endividado(a) / com dificuldades,Nada a acrescentar.,3,2,3,4,2,2,1,4,4,2,1,4,3,Fazer reuniões mais curtas e objetivas.,6,Tem pontos bons e outros a melhorar.
53,2026-08-20,13ª Cia Com Mec,1º Tenente,De Carreira,Ensino Superior Completo (Graduação),"Casado(a) / união estável, com filhos","Sim, mora comigo",3,4,3,5 vezes ou mais,3,4,2,9,Consigo equilibrar bem minha vida.,6,"Consigo equilibrar às vezes, mas nem sempre.",4,Não tenho conseguido cuidar da saúde.,8,Estou tranquilo e equilibrado.,4,3,3,Gostaria de mais apoio para militares com família longe.,6,"Alguns dias está boa, outros nem tanto.",9,O cardápio tem bastante variedade.,3,A quantidade servida é pouca.,6,"No geral está limpo, com algumas exceções.",2,1,1,3,3,1,2,O material é antigo e precisa de manutenção.,2,4,4,1,3,7,Tenho um orgulho moderado da OM.,Reduzir a burocracia interna.,4,4,3,2,3,5,3,2,3,2,Sim,3.0,1.0,2.0,1,2,3,1,1,Seria bom ter mais palestras sobre saúde mental.,Imóvel próprio,De 30 a 60 minutos,2,1,1,3,2,3,2,4,Situação financeira apertada este mês.,"Apertada, mas sob controle",Sem comentários adicionais.,3,4,3,3,3,1,3,3,1,1,2,2,3,Avisar as escalas com mais antecedência.,7,Tem pontos bons e outros a melhorar.
54,2026-08-15,QG 3ª Bda C Mec,Capitão,De Carreira,Ensino Superior Completo (Graduação),"Casado(a) / união estável, com filhos",Mora em outra cidade (longe de mim),2,4,2,3 a 4 vezes,2,3,3,6,Tem dias bons e dias ruins.,5,"Consigo equilibrar às vezes, mas nem sempre.",7,Poderia cuidar melhor do corpo.,4,Minha cabeça anda muito cheia.,4,3,3,Gostaria de mais apoio para militares com família longe.,6,"Alguns dias está boa, outros nem tanto.",5,De vez em quando tem prato diferente.,6,"Às vezes é pouco, mas geralmente dá.",7,"No geral está limpo, com algumas exceções.",4,2,3,3,3,2,3,Falta material de instrução em bom estado.,1,3,3,2,4,7,Tenho um orgulho moderado da OM.,Mais reconhecimento pelo trabalho realizado.,4,2,2,4,3,4,4,2,3,4,Sim,4.0,4.0,4.0,1,3,1,1,1,Seria bom ter mais palestras sobre saúde mental.,Imóvel alugado por conta própria,Até 15 minutos,3,3,1,2,4,1,2,3,O soldo não fecha com as contas.,Estável / equilibrada,Sem comentários adicionais.,3,4,3,4,2,2,3,3,4,1,3,4,2,"Manter como está, funciona bem.",7,Tem pontos bons e outros a melhorar.
55,2026-08-13,7º R C Mec,1º Sargento,De Carreira,Ensino Superior Incompleto (faculdade em andamento),"Casado(a) / união estável, com filhos",Mora em outra cidade (longe de mim),3,3,4,3 a 4 vezes,2,1,3,5,Minha qualidade de vida é razoável.,3,Quase não sobra tempo pra família.,8,Tenho me exercitado e me sinto disposto.,7,Tenho dias melhores e outros piores.,4,3,4,Nada a acrescentar.,7,"O sabor é ok, mas podia melhorar.",6,De vez em quando tem prato diferente.,5,A quantidade é suficiente na maioria dos dias.,7,"A limpeza é razoável, mas podia melhorar.",2,3,3,4,2,3,3,Falta fardamento e botas em número suficiente.,2,3,4,2,2,8,Tenho muito orgulho de pertencer a esta OM.,Reduzir a burocracia interna.,4,3,4,4,2,3,3,3,3,4,Sim,4.0,3.0,2.0,1,1,1,2,1,Nada a declarar.,Imóvel alugado por conta própria,Até 15 minutos,1,2,2,2,2,2,2,5,Consigo me organizar razoavelmente.,Confortável,Sem comentários adicionais.,2,4,3,3,2,3,2,2,2,3,2,1,3,Avisar as escalas com mais antecedência.,5,Tem pontos bons e outros a melhorar.
56,2026-08-16,3ª Cia Eng Cmb Mec,2º Sargento,Temporário,Ensino Superior Incompleto (faculdade em andamento),"Casado(a) / união estável, sem filhos","Sim, mora comigo",3,3,3,1 a 2 vezes,2,2,1,5,Minha qualidade de vida é razoável.,3,O serviço toma quase todo o meu tempo.,5,"Minha saúde física está ok, nada grave.",7,Tenho dias melhores e outros piores.,3,4,4,Nada a acrescentar.,2,A comida é sem sal e sem gosto.,5,"Varia um pouco, mas podia ter mais opções.",4,Muitas vezes acaba a comida antes de todos se servirem.,4,Falta higiene na hora de servir.,3,2,2,2,2,2,3,Faltam viaturas disponíveis para treinar.,3,4,2,3,1,9,Tenho muito orgulho de pertencer a esta OM.,Mais reconhecimento pelo trabalho realizado.,1,3,2,1,3,4,2,4,4,2,Sim,1.0,3.0,3.0,1,1,2,2,1,Nada a declarar.,Imóvel alugado por conta própria,Até 15 minutos,4,3,1,4,3,1,2,4,O soldo não fecha com as contas.,Estável / equilibrada,O soldo não acompanha a inflação.,2,4,4,2,2,1,1,2,1,3,4,3,2,"Manter como está, funciona bem.",7,Tem pontos bons e outros a melhorar.
57,2026-08-12,QG 3ª Bda C Mec,Soldado (Efetivo Profissional – EP),De Carreira,Ensino Médio Completo / Técnico,"Solteiro(a), sem filhos","Sim, mora comigo",3,3,1,Nenhuma vez,2,4,1,6,Minha qualidade de vida é razoável.,5,Depende muito da semana.,8,Me sinto bem fisicamente.,4,Tenho me sentido para baixo ultimamente.,3,4,3,Gostaria de mais apoio para militares com família longe.,5,"A comida é razoável, dá pra comer.",5,De vez em quando tem prato diferente.,5,"Às vezes é pouco, mas geralmente dá.",6,"A limpeza é razoável, mas podia melhorar.",2,3,1,2,3,4,2,Falta material de instrução em bom estado.,2,3,4,3,3,5,Tenho um orgulho moderado da OM.,Melhorar as condições do alojamento.,4,4,5,2,2,4,3,3,4,2,Não,,,,3,1,1,2,1,Seria bom ter mais palestras sobre saúde mental.,Moradia cedida / com familiares,De 30 a 60 minutos,2,2,1,3,2,1,3,7,Consigo me organizar razoavelmente.,Endividado(a) / com dificuldades,O soldo não acompanha a inflação.,4,2,3,3,2,3,3,4,3,2,3,4,1,Melhorar o mural de avisos.,6,"No geral, é razoável."
58,2026-08-11,3º Pel PE,Soldado (Efetivo Variável – EV / Recruta),Temporário,Ensino Médio Completo / Técnico,"Solteiro(a), sem filhos","Sim, mora comigo",4,4,2,3 a 4 vezes,3,2,3,6,Tem dias bons e dias ruins.,9,Tenho tempo suficiente para minha família.,8,Me sinto bem fisicamente.,5,Emocionalmente estou razoável.,3,4,4,Nada a acrescentar.,8,"Gosto da comida do rancho, tem bom sabor.",5,"Varia um pouco, mas podia ter mais opções.",4,Muitas vezes acaba a comida antes de todos se servirem.,5,"No geral está limpo, com algumas exceções.",2,1,3,3,3,3,3,Falta fardamento e botas em número suficiente.,3,3,4,2,1,6,Tenho um orgulho moderado da OM.,Melhorar o rancho.,4,4,5,3,4,4,3,2,4,2,Não,,,,2,1,1,1,2,Falta divulgar melhor onde buscar ajuda.,Moradia cedida / com familiares,De 30 a 60 minutos,1,4,1,1,4,3,4,3,Situação financeira apertada este mês.,"Apertada, mas sob controle",Nada a acrescentar.,3,3,2,4,3,1,2,3,2,1,3,2,2,Avisar as escalas com mais antecedência.,7,"No geral, é razoável."
59,2026-08-14,7º R C Mec,Soldado (Efetivo Profissional – EP),Temporário,Ensino Médio Incompleto,"Solteiro(a), sem filhos",Não se aplica,4,3,4,1 a 2 vezes,2,1,3,9,Estou satisfeito com minha qualidade de vida.,5,Depende muito da semana.,3,Estou fisicamente desgastado.,6,Tenho dias melhores e outros piores.,4,3,4,Nada a acrescentar.,4,A comida chega fria e sem sabor.,6,"Varia um pouco, mas podia ter mais opções.",4,A quantidade servida é pouca.,7,"No geral está limpo, com algumas exceções.",3,1,2,2,2,3,4,O material é antigo e precisa de manutenção.,2,4,4,4,3,8,Sinto-me honrado em servir aqui.,Reduzir a burocracia interna.,5,3,3,3,4,3,3,2,3,2,Não,,,,1,1,2,1,1,Seria bom ter mais palestras sobre saúde mental.,Imóvel alugado por conta própria,De 30 a 60 minutos,2,4,2,4,2,2,3,5,Consigo me organizar razoavelmente.,Estável / equilibrada,O soldo não acompanha a inflação.,4,4,2,3,1,3,2,1,2,3,1,4,3,Fazer reuniões mais curtas e objetivas.,6,"No geral, é razoável."
60,2026-08-16,25º GAC,Capitão,De Carreira,Ensino Superior Completo (Graduação),"Casado(a) / união estável, com filhos",Mora em outra cidade (longe de mim),2,3,3,3 a 4 vezes,3,4,3,8,Consigo equilibrar bem minha vida.,6,"Consigo equilibrar às vezes, mas nem sempre.",7,Poderia cuidar melhor do corpo.,7,Tenho dias melhores e outros piores.,4,2,3,Gostaria de mais apoio para militares com família longe.,4,A comida chega fria e sem sabor.,4,Falta variedade nas saladas e legumes.,6,"Às vezes é pouco, mas geralmente dá.",7,"No geral está limpo, com algumas exceções.",2,2,3,3,3,3,1,"Sim, tenho tudo que preciso.",2,3,1,2,3,7,"Depende do dia, mas no geral é ok.",Mais reconhecimento pelo trabalho realizado.,3,4,2,3,3,3,1,2,1,2,Sim,4.0,3.0,3.0,2,1,1,1,1,Falta divulgar melhor onde buscar ajuda.,Próprio Nacional Residencial (PNR),De 15 a 30 minutos,1,3,3,3,2,2,3,6,"Dá para pagar as contas, mas sem sobra.","Apertada, mas sob controle",O soldo não acompanha a inflação.,3,3,4,1,3,2,1,3,3,3,2,3,3,Avisar as escalas com mais antecedência.,7,"No geral, é razoável."
61,2026-08-12,3º R C Mec,Cabo,Temporário,Ensino Médio Completo / Técnico,"Casado(a) / união estável, com filhos",Mora em outra cidade (longe de mim),3,2,3,1 a 2 vezes,2,4,3,5,Tem dias bons e dias ruins.,4,Quase não sobra tempo pra família.,8,Tenho me exercitado e me sinto disposto.,7,Tenho dias melhores e outros piores.,4,3,3,Gostaria de mais apoio para militares com família longe.,2,Falta tempero na maioria dos pratos.,5,De vez em quando tem prato diferente.,3,Muitas vezes acaba a comida antes de todos se servirem.,5,"No geral está limpo, com algumas exceções.",2,1,1,1,2,3,4,"Sim, o material é suficiente para o dia a dia.",2,2,2,2,3,9,Tenho muito orgulho de pertencer a esta OM.,Melhorar a comunicação entre os setores.,2,3,4,2,2,1,4,3,2,1,Não,,,,1,1,2,1,1,Sem comentários adicionais.,Imóvel alugado por conta própria,Até 15 minutos,1,2,3,2,1,4,4,2,O soldo não fecha com as contas.,Confortável,Sem comentários adicionais.,2,4,3,2,3,2,1,3,3,4,3,4,1,"Manter como está, funciona bem.",6,Tem pontos bons e outros a melhorar.
62,2026-08-17,3ª Cia Eng Cmb Mec,1º Sargento,De Carreira,Ensino Superior Incompleto (faculdade em andamento),"Solteiro(a), sem filhos",Mora em outra cidade (longe de mim),1,4,2,1 a 2 vezes,2,2,4,7,Tem dias bons e dias ruins.,5,"Consigo equilibrar às vezes, mas nem sempre.",7,Poderia cuidar melhor do corpo.,8,Me sinto emocionalmente bem.,3,4,4,Nada a acrescentar.,3,Falta tempero na maioria dos pratos.,6,"Varia um pouco, mas podia ter mais opções.",4,Serve pouco e não dá pra repetir.,4,O rancho precisa de mais limpeza.,2,4,2,3,2,1,3,Faltam viaturas disponíveis para treinar.,2,4,3,3,3,6,Tenho um orgulho moderado da OM.,Melhorar a comunicação entre os setores.,5,3,4,4,2,3,2,3,1,4,Sim,4.0,2.0,2.0,3,1,2,1,1,Nada a declarar.,Imóvel próprio,Até 15 minutos,3,3,3,3,3,2,2,6,Consigo me organizar razoavelmente.,Confortável,O soldo não acompanha a inflação.,4,3,3,3,3,3,2,4,2,1,2,1,4,"Manter como está, funciona bem.",7,Tem pontos bons e outros a melhorar.
63,2026-08-21,3º R C Mec,Soldado (Efetivo Variável – EV / Recruta),Temporário,Ensino Fundamental Completo,"Casado(a) / união estável, com filhos","Sim, mora comigo",2,4,4,Nenhuma vez,3,4,3,7,Tem dias bons e dias ruins.,4,O serviço toma quase todo o meu tempo.,9,Me sinto bem fisicamente.,6,Emocionalmente estou razoável.,4,3,3,Nada a acrescentar.,3,O tempero está sempre muito fraco.,4,Repete muito o cardápio na mesma semana.,3,Muitas vezes acaba a comida antes de todos se servirem.,8,O rancho é sempre limpo e organizado.,3,2,2,2,3,3,3,"Sim, o material é suficiente para o dia a dia.",3,4,1,1,3,6,Tenho um orgulho moderado da OM.,Mais oportunidades de curso.,3,2,5,2,4,5,3,2,2,2,Não,,,,1,2,1,1,1,Nada a declarar.,Imóvel alugado por conta própria,De 15 a 30 minutos,3,2,3,4,3,2,3,3,Estou endividado e preocupado.,Estável / equilibrada,Sem comentários adicionais.,4,2,2,3,2,2,2,4,2,2,3,3,1,Melhorar o mural de avisos.,5,"No geral, é razoável."
64,2026-08-20,QG 3ª Bda C Mec,2º Sargento,De Carreira,Ensino Superior Completo (Graduação),"Casado(a) / união estável, com filhos",Não se aplica,3,4,3,1 a 2 vezes,3,4,2,9,Consigo equilibrar bem minha vida.,9,Consigo separar bem o trabalho da vida pessoal.,5,"Minha saúde física está ok, nada grave.",9,Me sinto emocionalmente bem.,3,3,2,Poderiam ajudar mais quem tem filhos pequenos.,4,O tempero está sempre muito fraco.,5,De vez em quando tem prato diferente.,5,"Às vezes é pouco, mas geralmente dá.",6,"No geral está limpo, com algumas exceções.",3,2,3,1,4,4,2,O material é antigo e precisa de manutenção.,2,4,3,1,2,7,Tenho um orgulho moderado da OM.,Melhorar a comunicação entre os setores.,3,4,2,3,3,3,4,3,3,2,Sim,1.0,3.0,3.0,3,1,1,2,1,Seria bom ter mais palestras sobre saúde mental.,Imóvel alugado por conta própria,De 30 a 60 minutos,3,1,2,3,2,3,3,6,"Dá para pagar as contas, mas sem sobra.",Estável / equilibrada,Nada a acrescentar.,4,3,4,1,2,2,2,2,1,3,2,2,2,"Manter como está, funciona bem.",4,Precisa melhorar bastante.
65,2026-08-16,7º R C Mec,Soldado (Efetivo Profissional – EP),Temporário,Ensino Fundamental Completo,"Casado(a) / união estável, com filhos",Mora em outra cidade (longe de mim),3,4,3,3 a 4 vezes,3,4,3,9,Consigo equilibrar bem minha vida.,5,"Consigo equilibrar às vezes, mas nem sempre.",9,Me sinto bem fisicamente.,5,Emocionalmente estou razoável.,3,4,2,Poderiam ajudar mais quem tem filhos pequenos.,6,"O sabor é ok, mas podia melhorar.",5,"Varia um pouco, mas podia ter mais opções.",8,A quantidade servida é boa e dá pra repetir.,7,"No geral está limpo, com algumas exceções.",2,3,1,2,3,3,4,"Sim, o material é suficiente para o dia a dia.",2,2,4,3,1,6,Tenho um orgulho moderado da OM.,Melhorar as condições do alojamento.,4,3,3,1,2,5,4,3,3,3,Não,,,,2,1,1,1,2,Seria bom ter mais palestras sobre saúde mental.,Moradia cedida / com familiares,De 15 a 30 minutos,1,2,2,2,3,2,2,6,"Dá para pagar as contas, mas sem sobra.","Apertada, mas sob controle",O soldo não acompanha a inflação.,4,3,3,2,3,1,4,4,2,3,2,2,2,Fazer reuniões mais curtas e objetivas.,3,O ambiente está bem desgastado.
66,2026-08-13,QG 3ª Bda C Mec,Soldado (Efetivo Variável – EV / Recruta),Temporário,Ensino Superior Incompleto (faculdade em andamento),"Casado(a) / união estável, sem filhos",Mora em outra cidade (longe de mim),4,3,2,3 a 4 vezes,1,2,1,2,Tenho pouco tempo para mim mesmo.,7,"Consigo equilibrar às vezes, mas nem sempre.",8,Me sinto bem fisicamente.,5,Tenho dias melhores e outros piores.,3,3,4,Nada a acrescentar.,4,A comida é sem sal e sem gosto.,6,"Varia um pouco, mas podia ter mais opções.",6,"Às vezes é pouco, mas geralmente dá.",4,O rancho precisa de mais limpeza.,3,1,2,1,3,2,1,Falta fardamento e botas em número suficiente.,1,4,3,2,2,8,Tenho muito orgulho de pertencer a esta OM.,Melhorar a comunicação entre os setores.,3,4,3,3,4,4,4,2,3,4,Não,,,,2,1,1,1,1,Falta divulgar melhor onde buscar ajuda.,Alojamento na OM,Mais de 60 minutos,2,2,3,2,3,2,3,3,Situação financeira apertada este mês.,Confortável,O soldo não acompanha a inflação.,4,3,1,3,2,2,2,4,2,4,3,4,2,Avisar as escalas com mais antecedência.,7,Tem pontos bons e outros a melhorar.
67,2026-08-13,2ª Bia AAAe,Subtenente,De Carreira,Ensino Superior Completo (Graduação),"Casado(a) / união estável, com filhos","Sim, mora comigo",2,4,2,3 a 4 vezes,3,4,3,6,Minha qualidade de vida é razoável.,3,O serviço toma quase todo o meu tempo.,8,Tenho me exercitado e me sinto disposto.,6,Emocionalmente estou razoável.,4,4,4,Poderiam ajudar mais quem tem filhos pequenos.,5,"A comida é razoável, dá pra comer.",6,De vez em quando tem prato diferente.,5,A quantidade é suficiente na maioria dos dias.,6,"No geral está limpo, com algumas exceções.",3,4,2,3,3,2,4,"Sim, o material é suficiente para o dia a dia.",3,2,4,1,1,8,Sinto-me honrado em servir aqui.,Melhorar a comunicação entre os setores.,3,2,2,3,2,4,4,3,3,2,Sim,2.0,3.0,4.0,1,1,1,2,1,Sem comentários adicionais.,Imóvel alugado por conta própria,De 15 a 30 minutos,2,2,1,3,2,3,4,2,O soldo não fecha com as contas.,Confortável,Sem comentários adicionais.,3,3,2,2,4,2,3,2,3,3,1,3,2,Melhorar o mural de avisos.,7,Tem pontos bons e outros a melhorar.
68,2026-08-18,7º R C Mec,Cabo,Temporário,Ensino Superior Incompleto (faculdade em andamento),"Solteiro(a), sem filhos",Mora em outra cidade (longe de mim),4,3,3,3 a 4 vezes,2,2,4,7,Tem dias bons e dias ruins.,6,Depende muito da semana.,7,"Minha saúde física está ok, nada grave.",7,Emocionalmente estou razoável.,4,4,2,Sem observações relevantes.,4,A comida chega fria e sem sabor.,5,De vez em quando tem prato diferente.,4,Muitas vezes acaba a comida antes de todos se servirem.,5,"No geral está limpo, com algumas exceções.",3,2,2,4,1,3,3,Falta material de instrução em bom estado.,2,3,2,2,3,7,"Depende do dia, mas no geral é ok.",Melhorar a comunicação entre os setores.,4,3,2,2,4,5,4,2,3,3,Não,,,,1,1,1,1,1,Nada a declarar.,Imóvel alugado por conta própria,De 30 a 60 minutos,2,3,2,4,3,3,3,4,O soldo não fecha com as contas.,Endividado(a) / com dificuldades,Sem comentários adicionais.,4,4,3,1,3,2,3,2,3,2,2,1,2,Melhorar o mural de avisos.,8,"No geral, o ambiente é muito bom."
69,2026-08-15,3º R C Mec,2º Tenente,De Carreira,Pós-Graduação / Especialização,"Casado(a) / união estável, com filhos",Mora em outra cidade (longe de mim),4,4,4,1 a 2 vezes,1,4,2,3,Ando cansado e sem tempo de qualidade.,3,O serviço toma quase todo o meu tempo.,7,"Minha saúde física está ok, nada grave.",8,Me sinto emocionalmente bem.,4,4,4,Poderiam ajudar mais quem tem filhos pequenos.,5,"O sabor é ok, mas podia melhorar.",5,De vez em quando tem prato diferente.,5,A quantidade é suficiente na maioria dos dias.,3,As mesas nem sempre estão limpas.,2,3,1,2,3,2,4,"Sim, tenho tudo que preciso.",3,4,3,3,2,5,"Depende do dia, mas no geral é ok.",Melhorar a comunicação entre os setores.,3,2,3,2,2,3,5,4,1,2,Sim,4.0,1.0,3.0,1,2,1,1,1,Seria bom ter mais palestras sobre saúde mental.,Imóvel alugado por conta própria,Até 15 minutos,1,2,2,4,4,3,3,2,Estou endividado e preocupado.,Endividado(a) / com dificuldades,Nada a acrescentar.,3,4,3,2,3,3,2,4,4,2,3,3,3,Fazer reuniões mais curtas e objetivas.,4,O ambiente está bem desgastado.
70,2026-08-21,9º RCB,Cabo,Temporário,Ensino Médio Completo / Técnico,"Solteiro(a), sem filhos","Sim, mora comigo",3,4,3,5 vezes ou mais,2,3,2,5,Tem dias bons e dias ruins.,5,"Consigo equilibrar às vezes, mas nem sempre.",6,"Minha saúde física está ok, nada grave.",8,Estou tranquilo e equilibrado.,3,4,4,Sem observações relevantes.,3,A comida é sem sal e sem gosto.,5,De vez em quando tem prato diferente.,3,Muitas vezes acaba a comida antes de todos se servirem.,8,A higiene do local é muito boa.,3,4,2,4,2,2,1,Faltam viaturas disponíveis para treinar.,2,3,3,2,2,6,Tenho um orgulho moderado da OM.,Mais reconhecimento pelo trabalho realizado.,3,3,2,2,4,3,5,3,2,4,Não,,,,2,1,1,1,1,Nada a declarar.,Alojamento na OM,De 30 a 60 minutos,1,1,1,4,2,3,2,4,O soldo não fecha com as contas.,Estável / equilibrada,Gostaria de mais clareza sobre os descontos no contracheque.,3,4,2,3,3,1,2,3,4,3,2,2,3,"Manter como está, funciona bem.",5,Tem pontos bons e outros a melhorar.
71,2026-08-11,3º R C Mec,Subtenente,De Carreira,Ensino Superior Completo (Graduação),"Solteiro(a), sem filhos",Mora em outra cidade (longe de mim),3,3,4,1 a 2 vezes,4,2,1,10,Consigo equilibrar bem minha vida.,7,"Consigo equilibrar às vezes, mas nem sempre.",8,Tenho me exercitado e me sinto disposto.,6,Emocionalmente estou razoável.,4,3,4,Sem observações relevantes.,3,A comida é sem sal e sem gosto.,4,Falta variedade nas saladas e legumes.,4,A quantidade servida é pouca.,8,A higiene do local é muito boa.,3,2,2,4,3,4,2,Falta material de instrução em bom estado.,1,3,2,1,3,4,Preferia servir em outra OM.,Mais oportunidades de curso.,2,4,3,4,2,3,5,3,3,1,Não,,,,2,2,1,2,1,Falta divulgar melhor onde buscar ajuda.,Moradia cedida / com familiares,Até 15 minutos,1,2,2,3,3,4,2,2,Situação financeira apertada este mês.,Endividado(a) / com dificuldades,O soldo não acompanha a inflação.,2,3,3,2,4,1,1,2,3,2,1,2,4,Fazer reuniões mais curtas e objetivas.,6,"No geral, é razoável."
72,2026-08-14,QG 3ª Bda C Mec,1º Sargento,De Carreira,Ensino Superior Incompleto (faculdade em andamento),"Casado(a) / união estável, com filhos","Sim, mora comigo",4,4,4,Nenhuma vez,2,2,2,6,Minha qualidade de vida é razoável.,5,Depende muito da semana.,7,Poderia cuidar melhor do corpo.,7,Emocionalmente estou razoável.,4,4,4,Nada a acrescentar.,6,"Alguns dias está boa, outros nem tanto.",4,"É sempre arroz, feijão e a mesma carne.",5,A quantidade é suficiente na maioria dos dias.,5,"No geral está limpo, com algumas exceções.",3,1,1,3,1,2,3,Faltam viaturas disponíveis para treinar.,1,2,3,4,2,7,"Depende do dia, mas no geral é ok.",Melhorar a comunicação entre os setores.,3,5,3,2,2,5,3,3,3,2,Sim,3.0,4.0,3.0,2,1,1,2,1,Sem comentários adicionais.,Moradia cedida / com familiares,Mais de 60 minutos,2,1,3,4,2,3,3,7,Consigo me organizar razoavelmente.,"Apertada, mas sob controle",Sem comentários adicionais.,4,4,2,3,4,2,2,3,3,4,2,3,3,Melhorar o mural de avisos.,7,Tem pontos bons e outros a melhorar.
73,2026-08-19,3º Pel PE,1º Tenente,De Carreira,Ensino Superior Incompleto (faculdade em andamento),"Casado(a) / união estável, sem filhos","Sim, mora comigo",3,3,2,1 a 2 vezes,3,1,2,6,Tem dias bons e dias ruins.,6,Depende muito da semana.,8,Me sinto bem fisicamente.,3,Tenho me sentido para baixo ultimamente.,4,2,4,Gostaria de mais apoio para militares com família longe.,4,Falta tempero na maioria dos pratos.,3,Repete muito o cardápio na mesma semana.,6,"Às vezes é pouco, mas geralmente dá.",5,"No geral está limpo, com algumas exceções.",2,2,2,3,2,2,2,"Sim, tenho tudo que preciso.",2,3,3,2,2,6,"Depende do dia, mas no geral é ok.",Mais reconhecimento pelo trabalho realizado.,4,2,4,3,3,3,2,3,3,4,Sim,1.0,3.0,3.0,3,2,1,1,1,Falta divulgar melhor onde buscar ajuda.,Imóvel próprio,Até 15 minutos,2,1,3,2,3,3,4,4,Estou endividado e preocupado.,Estável / equilibrada,O soldo não acompanha a inflação.,3,4,4,2,2,3,3,2,3,3,2,2,4,Avisar as escalas com mais antecedência.,4,Precisa melhorar bastante.
74,2026-08-14,3º B Log,3º Sargento,De Carreira,Ensino Médio Completo / Técnico,"Casado(a) / união estável, com filhos","Sim, mora comigo",4,3,2,3 a 4 vezes,1,4,2,6,Tem dias bons e dias ruins.,6,Depende muito da semana.,5,"Minha saúde física está ok, nada grave.",8,Estou tranquilo e equilibrado.,4,3,4,Gostaria de mais apoio para militares com família longe.,6,"O sabor é ok, mas podia melhorar.",5,"Varia um pouco, mas podia ter mais opções.",4,Serve pouco e não dá pra repetir.,7,"A limpeza é razoável, mas podia melhorar.",3,3,3,3,2,3,4,Falta fardamento e botas em número suficiente.,3,2,4,2,3,7,Tenho um orgulho moderado da OM.,Mais oportunidades de curso.,2,2,3,1,3,5,1,2,3,3,Não,,,,2,1,1,1,1,Sem comentários adicionais.,Imóvel próprio,De 15 a 30 minutos,2,3,2,2,2,1,3,6,"Dá para pagar as contas, mas sem sobra.",Confortável,Gostaria de mais clareza sobre os descontos no contracheque.,3,4,4,2,2,3,1,3,3,3,2,2,3,Melhorar o mural de avisos.,8,Estou satisfeito com o clima da OM.
75,2026-08-18,7º R C Mec,Capitão,De Carreira,Pós-Graduação / Especialização,"Solteiro(a), sem filhos",Mora em outra cidade (longe de mim),2,3,2,3 a 4 vezes,2,1,4,7,Tem dias bons e dias ruins.,4,Trabalho demais e descanso de menos.,8,Tenho me exercitado e me sinto disposto.,6,Tenho dias melhores e outros piores.,3,4,4,Poderiam ajudar mais quem tem filhos pequenos.,7,"Alguns dias está boa, outros nem tanto.",3,Falta variedade nas saladas e legumes.,8,Nunca fico com fome depois do rancho.,4,As mesas nem sempre estão limpas.,4,1,3,3,2,4,4,Faltam viaturas disponíveis para treinar.,3,3,3,1,1,10,Tenho muito orgulho de pertencer a esta OM.,Melhorar as condições do alojamento.,4,3,3,3,2,3,2,4,2,3,Sim,1.0,3.0,3.0,2,1,1,2,1,Sem comentários adicionais.,Imóvel alugado por conta própria,De 15 a 30 minutos,3,2,2,3,4,4,3,5,Consigo me organizar razoavelmente.,Estável / equilibrada,O soldo não acompanha a inflação.,3,4,3,3,4,3,3,2,3,4,1,4,4,Melhorar o mural de avisos.,8,"No geral, o ambiente é muito bom."
76,2026-08-15,3ª Cia Eng Cmb Mec,2º Tenente,De Carreira,Pós-Graduação / Especialização,"Casado(a) / união estável, com filhos",Mora em outra cidade (longe de mim),2,3,2,1 a 2 vezes,3,4,2,9,Estou satisfeito com minha qualidade de vida.,7,Depende muito da semana.,6,Poderia cuidar melhor do corpo.,5,Tenho dias melhores e outros piores.,3,4,2,Sem observações relevantes.,7,"Alguns dias está boa, outros nem tanto.",6,De vez em quando tem prato diferente.,3,Serve pouco e não dá pra repetir.,5,"A limpeza é razoável, mas podia melhorar.",4,3,3,2,2,2,4,O material é antigo e precisa de manutenção.,2,2,1,2,1,4,Não sinto muito orgulho de estar aqui.,Melhorar as condições do alojamento.,3,2,5,2,3,3,2,3,2,2,Sim,2.0,3.0,1.0,3,1,1,2,1,Nada a declarar.,Próprio Nacional Residencial (PNR),De 15 a 30 minutos,2,3,1,2,4,4,1,3,Situação financeira apertada este mês.,"Apertada, mas sob controle",O soldo não acompanha a inflação.,2,4,4,4,3,1,3,2,3,2,1,2,3,Avisar as escalas com mais antecedência.,6,"No geral, é razoável."
77,2026-08-18,25º GAC,Cabo,Temporário,Ensino Médio Incompleto,"Casado(a) / união estável, sem filhos",Mora em outra cidade (longe de mim),3,3,3,1 a 2 vezes,4,3,2,5,Tem dias bons e dias ruins.,7,Depende muito da semana.,8,Tenho me exercitado e me sinto disposto.,8,Me sinto emocionalmente bem.,4,3,4,Nada a acrescentar.,5,"O sabor é ok, mas podia melhorar.",6,"Varia um pouco, mas podia ter mais opções.",7,"Às vezes é pouco, mas geralmente dá.",4,O rancho precisa de mais limpeza.,2,4,4,2,4,1,2,O material é antigo e precisa de manutenção.,2,3,2,1,1,9,Tenho muito orgulho de pertencer a esta OM.,Melhorar o rancho.,3,2,2,2,2,4,2,2,4,2,Não,,,,2,1,1,1,1,Sem comentários adicionais.,Alojamento na OM,De 30 a 60 minutos,3,1,2,3,2,3,2,4,O soldo não fecha com as contas.,"Apertada, mas sob controle",Nada a acrescentar.,3,4,3,1,2,2,3,2,1,2,4,3,3,"Manter como está, funciona bem.",4,Precisa melhorar bastante.
78,2026-08-17,25º GAC,2º Sargento,De Carreira,Ensino Superior Incompleto (faculdade em andamento),"Casado(a) / união estável, sem filhos","Sim, mora comigo",2,3,2,3 a 4 vezes,4,3,2,5,Tem dias bons e dias ruins.,6,Depende muito da semana.,7,"Minha saúde física está ok, nada grave.",9,Estou tranquilo e equilibrado.,3,2,4,Sem observações relevantes.,5,"Alguns dias está boa, outros nem tanto.",5,De vez em quando tem prato diferente.,4,Muitas vezes acaba a comida antes de todos se servirem.,7,"A limpeza é razoável, mas podia melhorar.",3,3,1,3,3,2,4,"Sim, o material é suficiente para o dia a dia.",2,2,4,3,2,8,Tenho muito orgulho de pertencer a esta OM.,Mais reconhecimento pelo trabalho realizado.,2,3,1,4,1,4,4,3,3,4,Sim,3.0,3.0,3.0,1,1,3,2,1,Falta divulgar melhor onde buscar ajuda.,Imóvel próprio,Até 15 minutos,2,1,3,4,2,2,2,5,"Dá para pagar as contas, mas sem sobra.","Apertada, mas sob controle",Gostaria de mais clareza sobre os descontos no contracheque.,4,3,4,3,2,1,1,2,2,3,2,2,1,"Manter como está, funciona bem.",6,"No geral, é razoável."
79,2026-08-13,13ª Cia Com Mec,1º Sargento,De Carreira,Ensino Médio Completo / Técnico,"Casado(a) / união estável, com filhos",Mora em outra cidade (longe de mim),3,3,3,3 a 4 vezes,2,2,2,7,Tem dias bons e dias ruins.,3,Trabalho demais e descanso de menos.,6,Poderia cuidar melhor do corpo.,5,Emocionalmente estou razoável.,4,4,3,Nada a acrescentar.,6,"A comida é razoável, dá pra comer.",1,"É sempre arroz, feijão e a mesma carne.",6,A quantidade é suficiente na maioria dos dias.,4,O rancho precisa de mais limpeza.,4,1,3,4,3,1,3,"Sim, tenho tudo que preciso.",2,4,3,2,3,8,Tenho muito orgulho de pertencer a esta OM.,Mais oportunidades de curso.,3,3,4,2,3,5,2,3,3,4,Sim,3.0,3.0,4.0,3,1,2,1,2,Nada a declarar.,Imóvel próprio,Até 15 minutos,2,3,2,3,3,4,1,5,Consigo me organizar razoavelmente.,"Apertada, mas sob controle",Sem comentários adicionais.,2,2,4,2,2,3,2,3,3,2,3,3,3,"Manter como está, funciona bem.",6,"No geral, é razoável."
80,2026-08-18,Esqd Cmdo,2º Sargento,De Carreira,Ensino Médio Completo / Técnico,"Casado(a) / união estável, sem filhos",Mora em outra cidade (longe de mim),2,4,3,3 a 4 vezes,3,2,3,6,Tem dias bons e dias ruins.,6,"Consigo equilibrar às vezes, mas nem sempre.",3,Não tenho conseguido cuidar da saúde.,7,Tenho dias melhores e outros piores.,3,3,3,Poderiam ajudar mais quem tem filhos pequenos.,2,A comida chega fria e sem sabor.,5,De vez em quando tem prato diferente.,4,Serve pouco e não dá pra repetir.,4,As mesas nem sempre estão limpas.,3,1,2,3,2,3,2,"Sim, tenho tudo que preciso.",3,4,2,2,1,9,Tenho muito orgulho de pertencer a esta OM.,Melhorar as condições do alojamento.,5,4,3,1,3,2,2,2,2,2,Sim,3.0,1.0,1.0,2,1,1,1,2,Nada a declarar.,Moradia cedida / com familiares,De 30 a 60 minutos,3,1,3,3,4,1,3,2,Estou endividado e preocupado.,Confortável,O soldo não acompanha a inflação.,4,3,3,3,3,4,2,3,2,2,1,2,2,Avisar as escalas com mais antecedência.,6,"No geral, é razoável."
81,2026-08-18,7º R C Mec,Cabo,Temporário,Ensino Médio Incompleto,"Casado(a) / união estável, sem filhos","Sim, mora comigo",4,4,3,3 a 4 vezes,4,1,4,6,Tem dias bons e dias ruins.,6,Depende muito da semana.,4,Ando com dores e cansaço físico.,6,Tenho dias melhores e outros piores.,4,4,4,Gostaria de mais apoio para militares com família longe.,8,"Gosto da comida do rancho, tem bom sabor.",3,"É sempre arroz, feijão e a mesma carne.",6,"Às vezes é pouco, mas geralmente dá.",6,"A limpeza é razoável, mas podia melhorar.",2,3,3,3,2,2,2,Falta material de instrução em bom estado.,1,4,2,3,3,9,Sinto-me honrado em servir aqui.,Melhorar a comunicação entre os setores.,3,3,2,3,2,2,3,1,3,1,Não,,,,1,2,1,2,1,Sem comentários adicionais.,Imóvel alugado por conta própria,De 15 a 30 minutos,3,2,1,2,4,3,4,6,"Dá para pagar as contas, mas sem sobra.",Endividado(a) / com dificuldades,Sem comentários adicionais.,4,1,4,2,2,2,1,3,4,4,3,3,1,Avisar as escalas com mais antecedência.,5,Tem pontos bons e outros a melhorar.
82,2026-08-18,13ª Cia Com Mec,Cabo,Temporário,Ensino Médio Completo / Técnico,"Casado(a) / união estável, sem filhos","Sim, mora comigo",4,4,3,3 a 4 vezes,2,4,4,6,Minha qualidade de vida é razoável.,4,Trabalho demais e descanso de menos.,5,"Minha saúde física está ok, nada grave.",6,Tenho dias melhores e outros piores.,2,3,1,Nada a acrescentar.,3,Falta tempero na maioria dos pratos.,4,Falta variedade nas saladas e legumes.,5,A quantidade é suficiente na maioria dos dias.,8,O rancho é sempre limpo e organizado.,2,2,1,3,3,3,3,Falta material de instrução em bom estado.,3,4,3,3,1,7,"Depende do dia, mas no geral é ok.",Melhorar a comunicação entre os setores.,4,2,3,2,1,2,4,2,2,3,Não,,,,3,1,1,1,1,Falta divulgar melhor onde buscar ajuda.,Moradia cedida / com familiares,De 15 a 30 minutos,2,2,2,1,2,3,3,7,"Dá para pagar as contas, mas sem sobra.","Apertada, mas sob controle",Sem comentários adicionais.,3,2,4,3,4,2,4,4,2,3,2,3,4,Fazer reuniões mais curtas e objetivas.,3,O ambiente está bem desgastado.
83,2026-08-16,QG 3ª Bda C Mec,3º Sargento,De Carreira,Ensino Médio Completo / Técnico,"Solteiro(a), sem filhos","Sim, mora comigo",4,3,2,3 a 4 vezes,2,3,3,3,Tenho pouco tempo para mim mesmo.,5,"Consigo equilibrar às vezes, mas nem sempre.",3,Não tenho conseguido cuidar da saúde.,6,Emocionalmente estou razoável.,3,3,4,Nada a acrescentar.,5,"Alguns dias está boa, outros nem tanto.",6,De vez em quando tem prato diferente.,5,A quantidade é suficiente na maioria dos dias.,4,As mesas nem sempre estão limpas.,2,1,3,2,2,2,2,"Sim, tenho tudo que preciso.",3,4,2,2,2,9,Tenho muito orgulho de pertencer a esta OM.,Melhorar o rancho.,3,4,2,2,3,2,4,3,3,2,Sim,2.0,2.0,3.0,1,1,1,1,1,Nada a declarar.,Imóvel alugado por conta própria,De 15 a 30 minutos,1,2,1,3,4,2,3,8,Consigo poupar e me sinto tranquilo(a).,"Apertada, mas sob controle",Sem comentários adicionais.,4,3,2,1,1,2,1,3,2,3,3,3,4,Fazer reuniões mais curtas e objetivas.,9,"No geral, o ambiente é muito bom."
84,2026-08-14,3º B Log,Subtenente,De Carreira,Ensino Superior Completo (Graduação),"Casado(a) / união estável, com filhos","Sim, mora comigo",4,4,4,Nenhuma vez,3,2,2,4,Ando cansado e sem tempo de qualidade.,7,"Consigo equilibrar às vezes, mas nem sempre.",8,Tenho me exercitado e me sinto disposto.,5,Tenho dias melhores e outros piores.,4,4,2,Poderiam ajudar mais quem tem filhos pequenos.,2,O tempero está sempre muito fraco.,5,"Varia um pouco, mas podia ter mais opções.",5,A quantidade é suficiente na maioria dos dias.,5,"A limpeza é razoável, mas podia melhorar.",3,3,2,2,4,4,2,O material é antigo e precisa de manutenção.,4,3,4,3,1,9,Tenho muito orgulho de pertencer a esta OM.,Melhorar a comunicação entre os setores.,3,1,4,1,2,4,2,3,2,2,Sim,2.0,2.0,1.0,1,1,1,1,2,Seria bom ter mais palestras sobre saúde mental.,Moradia cedida / com familiares,Mais de 60 minutos,3,2,1,1,1,3,1,4,O soldo não fecha com as contas.,"Apertada, mas sob controle",O soldo não acompanha a inflação.,3,3,3,4,3,3,2,3,4,2,3,2,3,"Manter como está, funciona bem.",7,"No geral, é razoável."
85,2026-08-10,3ª Cia Eng Cmb Mec,Soldado (Efetivo Profissional – EP),Temporário,Ensino Médio Incompleto,"Solteiro(a), sem filhos","Sim, mora comigo",3,2,3,1 a 2 vezes,2,3,4,7,Tem dias bons e dias ruins.,5,Depende muito da semana.,7,"Minha saúde física está ok, nada grave.",6,Emocionalmente estou razoável.,3,3,4,Gostaria de mais apoio para militares com família longe.,5,"A comida é razoável, dá pra comer.",4,"É sempre arroz, feijão e a mesma carne.",9,Nunca fico com fome depois do rancho.,6,"A limpeza é razoável, mas podia melhorar.",3,4,1,4,3,2,3,Faltam viaturas disponíveis para treinar.,1,4,2,4,2,9,Tenho muito orgulho de pertencer a esta OM.,Melhorar as condições do alojamento.,3,3,3,3,4,2,2,3,2,1,Não,,,,1,1,1,1,1,Falta divulgar melhor onde buscar ajuda.,Imóvel alugado por conta própria,Mais de 60 minutos,2,4,2,2,3,2,3,2,Estou endividado e preocupado.,Endividado(a) / com dificuldades,Gostaria de mais clareza sobre os descontos no contracheque.,1,3,4,2,4,3,3,2,1,2,4,4,3,"Manter como está, funciona bem.",7,Tem pontos bons e outros a melhorar.
86,2026-08-21,25º GAC,2º Sargento,Temporário,Ensino Médio Completo / Técnico,"Solteiro(a), sem filhos","Sim, mora comigo",3,4,3,5 vezes ou mais,3,3,2,7,Minha qualidade de vida é razoável.,7,"Consigo equilibrar às vezes, mas nem sempre.",4,Ando com dores e cansaço físico.,5,Emocionalmente estou razoável.,4,4,4,Poderiam ajudar mais quem tem filhos pequenos.,4,Falta tempero na maioria dos pratos.,4,Repete muito o cardápio na mesma semana.,6,A quantidade é suficiente na maioria dos dias.,6,"No geral está limpo, com algumas exceções.",2,4,3,3,2,3,3,Falta material de instrução em bom estado.,3,3,4,2,4,9,Tenho muito orgulho de pertencer a esta OM.,Melhorar o rancho.,4,5,4,3,2,2,4,2,3,3,Sim,4.0,3.0,4.0,1,1,1,2,1,Falta divulgar melhor onde buscar ajuda.,Próprio Nacional Residencial (PNR),Até 15 minutos,1,3,1,3,3,3,4,5,"Dá para pagar as contas, mas sem sobra.",Confortável,Nada a acrescentar.,4,4,3,2,2,1,1,2,3,2,2,4,2,Melhorar o mural de avisos.,10,"No geral, o ambiente é muito bom."
87,2026-08-14,QG 3ª Bda C Mec,Capitão,De Carreira,Ensino Superior Completo (Graduação),"Casado(a) / união estável, com filhos","Sim, mora comigo",4,2,2,3 a 4 vezes,2,3,2,6,Minha qualidade de vida é razoável.,5,Depende muito da semana.,3,Não tenho conseguido cuidar da saúde.,7,Emocionalmente estou razoável.,3,3,3,Poderiam ajudar mais quem tem filhos pequenos.,1,Falta tempero na maioria dos pratos.,4,"É sempre arroz, feijão e a mesma carne.",7,"Às vezes é pouco, mas geralmente dá.",5,"A limpeza é razoável, mas podia melhorar.",1,2,4,1,4,3,4,O material é antigo e precisa de manutenção.,4,3,2,2,3,7,"Depende do dia, mas no geral é ok.",Melhorar as condições do alojamento.,4,5,4,4,3,4,2,2,2,2,Sim,2.0,4.0,3.0,1,1,3,2,1,Seria bom ter mais palestras sobre saúde mental.,Imóvel próprio,De 15 a 30 minutos,2,2,2,2,4,3,3,2,O soldo não fecha com as contas.,"Apertada, mas sob controle",Nada a acrescentar.,2,4,3,3,2,3,3,3,3,2,2,2,2,Fazer reuniões mais curtas e objetivas.,6,Tem pontos bons e outros a melhorar.
88,2026-08-21,9º RCB,3º Sargento,Temporário,Ensino Médio Completo / Técnico,"Solteiro(a), sem filhos","Sim, mora comigo",3,4,1,1 a 2 vezes,1,1,3,7,Tem dias bons e dias ruins.,7,"Consigo equilibrar às vezes, mas nem sempre.",5,Poderia cuidar melhor do corpo.,7,Tenho dias melhores e outros piores.,3,4,3,Poderiam ajudar mais quem tem filhos pequenos.,8,"Gosto da comida do rancho, tem bom sabor.",5,De vez em quando tem prato diferente.,3,Serve pouco e não dá pra repetir.,8,O rancho é sempre limpo e organizado.,3,3,2,2,2,2,4,Falta material de instrução em bom estado.,3,2,4,2,1,8,Tenho muito orgulho de pertencer a esta OM.,Reduzir a burocracia interna.,4,3,2,3,2,4,4,2,3,3,Sim,2.0,2.0,2.0,1,1,1,1,1,Seria bom ter mais palestras sobre saúde mental.,Imóvel próprio,De 15 a 30 minutos,3,3,2,1,4,4,4,2,Situação financeira apertada este mês.,"Apertada, mas sob controle",Sem comentários adicionais.,3,3,3,2,2,4,2,3,4,1,4,3,1,"Manter como está, funciona bem.",9,"No geral, o ambiente é muito bom."
89,2026-08-12,2ª Bia AAAe,Soldado (Efetivo Profissional – EP),Temporário,Ensino Médio Completo / Técnico,"Casado(a) / união estável, com filhos","Sim, mora comigo",3,3,3,5 vezes ou mais,2,3,2,6,Minha qualidade de vida é razoável.,7,"Consigo equilibrar às vezes, mas nem sempre.",6,"Minha saúde física está ok, nada grave.",4,Ando estressado e ansioso.,4,4,4,Nada a acrescentar.,8,Melhorou bastante o tempero ultimamente.,3,"É sempre arroz, feijão e a mesma carne.",5,A quantidade é suficiente na maioria dos dias.,7,"A limpeza é razoável, mas podia melhorar.",3,3,2,2,1,3,3,Falta fardamento e botas em número suficiente.,2,3,3,3,2,7,"Depende do dia, mas no geral é ok.",Melhorar a comunicação entre os setores.,3,3,4,4,4,4,4,1,3,2,Não,,,,2,2,1,2,1,Falta divulgar melhor onde buscar ajuda.,Alojamento na OM,Até 15 minutos,3,3,3,3,3,2,2,5,Consigo me organizar razoavelmente.,"Apertada, mas sob controle",Nada a acrescentar.,3,4,4,2,3,4,2,4,3,2,4,2,3,Avisar as escalas com mais antecedência.,7,"No geral, é razoável."
90,2026-08-19,9º RCB,Soldado (Efetivo Profissional – EP),Temporário,Ensino Médio Completo / Técnico,"Solteiro(a), sem filhos","Sim, mora comigo",3,4,3,3 a 4 vezes,1,3,3,6,Tem dias bons e dias ruins.,4,Trabalho demais e descanso de menos.,6,"Minha saúde física está ok, nada grave.",6,Emocionalmente estou razoável.,4,4,3,Nada a acrescentar.,6,"A comida é razoável, dá pra comer.",3,Repete muito o cardápio na mesma semana.,7,"Às vezes é pouco, mas geralmente dá.",4,Falta higiene na hora de servir.,2,3,4,2,1,4,3,Falta fardamento e botas em número suficiente.,1,3,2,2,1,7,Tenho um orgulho moderado da OM.,Reduzir a burocracia interna.,2,4,2,3,1,2,5,2,3,3,Não,,,,2,2,1,1,2,Falta divulgar melhor onde buscar ajuda.,Imóvel alugado por conta própria,De 15 a 30 minutos,3,2,1,3,4,3,3,4,Situação financeira apertada este mês.,Estável / equilibrada,Nada a acrescentar.,3,3,3,4,3,1,3,3,3,4,3,2,4,Avisar as escalas com mais antecedência.,7,"No geral, é razoável."
91,2026-08-10,7º R C Mec,Soldado (Efetivo Profissional – EP),Temporário,Ensino Médio Incompleto,"Casado(a) / união estável, sem filhos","Sim, mora comigo",1,4,3,3 a 4 vezes,3,2,3,4,Tenho pouco tempo para mim mesmo.,3,O serviço toma quase todo o meu tempo.,8,Tenho me exercitado e me sinto disposto.,5,Emocionalmente estou razoável.,4,4,4,Nada a acrescentar.,3,O tempero está sempre muito fraco.,7,De vez em quando tem prato diferente.,4,Muitas vezes acaba a comida antes de todos se servirem.,6,"A limpeza é razoável, mas podia melhorar.",1,3,3,3,2,2,2,"Sim, tenho tudo que preciso.",3,4,3,3,2,7,"Depende do dia, mas no geral é ok.",Mais oportunidades de curso.,2,4,5,1,2,4,4,2,3,3,Não,,,,1,1,1,1,1,Falta divulgar melhor onde buscar ajuda.,Moradia cedida / com familiares,De 30 a 60 minutos,1,2,1,3,2,4,3,3,O soldo não fecha com as contas.,Endividado(a) / com dificuldades,O soldo não acompanha a inflação.,4,3,4,2,2,3,1,3,4,2,1,3,2,Melhorar o mural de avisos.,5,Tem pontos bons e outros a melhorar.
92,2026-08-16,3º B Log,Cabo,Temporário,Ensino Médio Completo / Técnico,"Casado(a) / união estável, com filhos","Sim, mora comigo",3,4,4,5 vezes ou mais,3,1,2,7,Minha qualidade de vida é razoável.,4,O serviço toma quase todo o meu tempo.,6,Poderia cuidar melhor do corpo.,7,Emocionalmente estou razoável.,4,3,3,Nada a acrescentar.,5,"Alguns dias está boa, outros nem tanto.",4,Falta variedade nas saladas e legumes.,5,"Às vezes é pouco, mas geralmente dá.",6,"A limpeza é razoável, mas podia melhorar.",3,2,3,2,2,3,4,Falta material de instrução em bom estado.,1,4,2,4,2,7,Tenho um orgulho moderado da OM.,Mais oportunidades de curso.,4,3,3,1,2,3,4,2,3,3,Não,,,,1,1,1,1,2,Sem comentários adicionais.,Alojamento na OM,Mais de 60 minutos,1,3,2,1,3,2,3,7,"Dá para pagar as contas, mas sem sobra.",Estável / equilibrada,Sem comentários adicionais.,3,3,4,3,3,2,2,1,2,2,4,2,3,Melhorar o mural de avisos.,8,Estou satisfeito com o clima da OM.
93,2026-08-16,Esqd Cmdo,Major,De Carreira,Ensino Superior Completo (Graduação),"Solteiro(a), sem filhos","Sim, mora comigo",3,3,4,3 a 4 vezes,4,3,2,3,A rotina no quartel é muito puxada.,3,Trabalho demais e descanso de menos.,5,"Minha saúde física está ok, nada grave.",6,Emocionalmente estou razoável.,2,3,3,Gostaria de mais apoio para militares com família longe.,5,"O sabor é ok, mas podia melhorar.",3,Repete muito o cardápio na mesma semana.,4,A quantidade servida é pouca.,7,"No geral está limpo, com algumas exceções.",1,4,2,4,3,3,3,Falta material de instrução em bom estado.,3,3,3,2,1,7,Tenho um orgulho moderado da OM.,Melhorar a comunicação entre os setores.,3,4,5,2,3,5,4,2,2,3,Sim,2.0,4.0,2.0,1,2,1,1,1,Falta divulgar melhor onde buscar ajuda.,Próprio Nacional Residencial (PNR),Mais de 60 minutos,2,4,3,3,2,2,3,8,Consigo poupar e me sinto tranquilo(a).,"Apertada, mas sob controle",Sem comentários adicionais.,2,4,3,3,3,4,1,3,3,1,1,2,4,Fazer reuniões mais curtas e objetivas.,7,"No geral, é razoável."
94,2026-08-21,7º R C Mec,Soldado (Efetivo Profissional – EP),Temporário,Ensino Médio Completo / Técnico,"Casado(a) / união estável, sem filhos","Sim, mora comigo",3,2,2,5 vezes ou mais,3,3,3,7,Minha qualidade de vida é razoável.,7,"Consigo equilibrar às vezes, mas nem sempre.",8,Tenho me exercitado e me sinto disposto.,5,Tenho dias melhores e outros piores.,4,4,2,Sem observações relevantes.,5,"A comida é razoável, dá pra comer.",4,Repete muito o cardápio na mesma semana.,4,Serve pouco e não dá pra repetir.,5,"A limpeza é razoável, mas podia melhorar.",2,2,1,2,3,2,3,O material é antigo e precisa de manutenção.,2,3,3,1,2,8,Tenho muito orgulho de pertencer a esta OM.,Melhorar a comunicação entre os setores.,3,5,3,2,2,2,3,1,3,4,Não,,,,1,2,1,1,1,Falta divulgar melhor onde buscar ajuda.,Alojamento na OM,Até 15 minutos,1,1,3,1,4,2,4,5,Consigo me organizar razoavelmente.,"Apertada, mas sob controle",Nada a acrescentar.,3,4,3,1,4,1,2,3,3,2,1,3,2,Fazer reuniões mais curtas e objetivas.,3,O ambiente está bem desgastado.
95,2026-08-21,7º R C Mec,Coronel,De Carreira,Ensino Superior Completo (Graduação),"Solteiro(a), sem filhos","Sim, mora comigo",1,2,4,3 a 4 vezes,1,4,2,8,Estou satisfeito com minha qualidade de vida.,8,Tenho tempo suficiente para minha família.,9,Me sinto bem fisicamente.,4,Minha cabeça anda muito cheia.,4,4,3,Sem observações relevantes.,4,Falta tempero na maioria dos pratos.,4,"É sempre arroz, feijão e a mesma carne.",7,"Às vezes é pouco, mas geralmente dá.",3,As mesas nem sempre estão limpas.,2,2,3,1,2,3,2,Falta fardamento e botas em número suficiente.,3,4,1,1,3,4,Preferia servir em outra OM.,Reduzir a burocracia interna.,4,3,2,1,5,2,4,3,2,3,Sim,4.0,2.0,2.0,1,1,1,2,2,Seria bom ter mais palestras sobre saúde mental.,Imóvel alugado por conta própria,De 15 a 30 minutos,1,2,4,3,4,3,3,2,Situação financeira apertada este mês.,Endividado(a) / com dificuldades,Gostaria de mais clareza sobre os descontos no contracheque.,2,2,2,2,3,2,2,3,3,1,3,3,2,"Manter como está, funciona bem.",5,Tem pontos bons e outros a melhorar.
96,2026-08-10,7º R C Mec,1º Sargento,De Carreira,Ensino Médio Completo / Técnico,"Casado(a) / união estável, com filhos",Mora em outra cidade (longe de mim),3,4,4,1 a 2 vezes,3,2,2,5,Tem dias bons e dias ruins.,7,"Consigo equilibrar às vezes, mas nem sempre.",3,Não tenho conseguido cuidar da saúde.,5,Tenho dias melhores e outros piores.,4,2,2,Gostaria de mais apoio para militares com família longe.,2,A comida chega fria e sem sabor.,6,De vez em quando tem prato diferente.,6,"Às vezes é pouco, mas geralmente dá.",8,A higiene do local é muito boa.,2,4,2,1,3,2,3,Falta material de instrução em bom estado.,3,4,4,2,1,9,Tenho muito orgulho de pertencer a esta OM.,Melhorar o rancho.,3,3,5,3,3,4,1,2,3,2,Sim,2.0,3.0,2.0,1,1,1,1,1,Sem comentários adicionais.,Próprio Nacional Residencial (PNR),Mais de 60 minutos,2,2,1,2,3,1,4,5,Consigo me organizar razoavelmente.,"Apertada, mas sob controle",O soldo não acompanha a inflação.,2,2,4,1,3,2,3,2,3,3,1,3,3,"Manter como está, funciona bem.",7,"No geral, é razoável."
97,2026-08-18,3º R C Mec,Major,De Carreira,Mestrado,"Solteiro(a), sem filhos",Mora em outra cidade (longe de mim),4,3,4,1 a 2 vezes,2,2,4,4,A rotina no quartel é muito puxada.,2,Trabalho demais e descanso de menos.,7,"Minha saúde física está ok, nada grave.",6,Emocionalmente estou razoável.,4,3,3,Poderiam ajudar mais quem tem filhos pequenos.,6,"A comida é razoável, dá pra comer.",4,Repete muito o cardápio na mesma semana.,7,"Às vezes é pouco, mas geralmente dá.",5,"A limpeza é razoável, mas podia melhorar.",4,3,4,2,4,4,3,Faltam viaturas disponíveis para treinar.,3,2,3,2,3,6,Tenho um orgulho moderado da OM.,Melhorar as condições do alojamento.,5,4,3,2,2,3,5,2,2,2,Sim,2.0,2.0,2.0,1,1,1,1,1,Falta divulgar melhor onde buscar ajuda.,Próprio Nacional Residencial (PNR),De 15 a 30 minutos,4,1,2,3,1,2,3,6,Consigo me organizar razoavelmente.,Estável / equilibrada,O soldo não acompanha a inflação.,2,3,4,2,2,2,1,1,2,3,2,2,2,"Manter como está, funciona bem.",5,"No geral, é razoável."
98,2026-08-15,7º R C Mec,1º Tenente,De Carreira,Ensino Superior Incompleto (faculdade em andamento),"Casado(a) / união estável, sem filhos",Mora em outra cidade (longe de mim),3,4,1,3 a 4 vezes,3,3,3,7,Tem dias bons e dias ruins.,7,"Consigo equilibrar às vezes, mas nem sempre.",7,Poderia cuidar melhor do corpo.,8,Me sinto emocionalmente bem.,4,3,3,Nada a acrescentar.,6,"A comida é razoável, dá pra comer.",6,"Varia um pouco, mas podia ter mais opções.",3,Serve pouco e não dá pra repetir.,8,A higiene do local é muito boa.,2,2,3,2,3,3,2,Falta fardamento e botas em número suficiente.,1,3,2,2,1,7,Tenho um orgulho moderado da OM.,Reduzir a burocracia interna.,1,3,2,3,4,3,2,1,4,3,Sim,1.0,2.0,4.0,2,1,1,1,1,Nada a declarar.,Imóvel próprio,Até 15 minutos,3,1,1,2,2,2,3,4,Situação financeira apertada este mês.,"Apertada, mas sob controle",Nada a acrescentar.,4,3,4,4,4,1,1,3,2,1,4,3,3,"Manter como está, funciona bem.",10,"No geral, o ambiente é muito bom."
99,2026-08-10,3º R C Mec,1º Sargento,De Carreira,Ensino Superior Incompleto (faculdade em andamento),"Solteiro(a), com filhos","Sim, mora comigo",3,3,3,5 vezes ou mais,4,3,3,6,Tem dias bons e dias ruins.,4,O serviço toma quase todo o meu tempo.,4,Não tenho conseguido cuidar da saúde.,4,Ando estressado e ansioso.,4,4,4,Gostaria de mais apoio para militares com família longe.,4,A comida é sem sal e sem gosto.,5,"Varia um pouco, mas podia ter mais opções.",2,Serve pouco e não dá pra repetir.,7,"No geral está limpo, com algumas exceções.",2,3,2,2,2,4,3,Faltam viaturas disponíveis para treinar.,3,4,2,3,1,8,Tenho muito orgulho de pertencer a esta OM.,Melhorar as condições do alojamento.,5,3,2,3,2,3,3,3,2,4,Sim,3.0,2.0,3.0,2,1,2,1,3,Falta divulgar melhor onde buscar ajuda.,Imóvel alugado por conta própria,Até 15 minutos,3,3,1,2,2,1,3,4,Situação financeira apertada este mês.,Endividado(a) / com dificuldades,Sem comentários adicionais.,3,1,4,3,2,2,4,3,3,3,2,3,1,Avisar as escalas com mais antecedência.,5,"No geral, é razoável."
100,2026-08-15,2ª Bia AAAe,Cabo,Temporário,Ensino Médio Completo / Técnico,"Casado(a) / união estável, com filhos",Mora em outra cidade (longe de mim),3,3,2,3 a 4 vezes,2,4,2,10,Estou satisfeito com minha qualidade de vida.,6,Depende muito da semana.,6,Poderia cuidar melhor do corpo.,5,Tenho dias melhores e outros piores.,4,3,4,Nada a acrescentar.,5,"O sabor é ok, mas podia melhorar.",3,Falta variedade nas saladas e legumes.,6,A quantidade é suficiente na maioria dos dias.,2,As mesas nem sempre estão limpas.,2,2,3,4,3,3,4,"Sim, tenho tudo que preciso.",3,3,1,2,3,7,Tenho um orgulho moderado da OM.,Melhorar as condições do alojamento.,3,3,4,4,3,4,2,3,2,3,Não,,,,1,1,1,1,2,Seria bom ter mais palestras sobre saúde mental.,Alojamento na OM,Até 15 minutos,2,2,1,4,2,3,3,4,Situação financeira apertada este mês.,"Apertada, mas sob controle",Nada a acrescentar.,3,2,2,3,3,2,3,3,3,1,3,1,3,"Manter como está, funciona bem.",5,Tem pontos bons e outros a melhorar.
101,2026-08-18,25º GAC,Coronel,De Carreira,Pós-Graduação / Especialização,"Casado(a) / união estável, com filhos",Não se aplica,2,3,2,3 a 4 vezes,3,4,3,6,Tem dias bons e dias ruins.,4,Quase não sobra tempo pra família.,7,Poderia cuidar melhor do corpo.,5,Emocionalmente estou razoável.,4,3,4,Poderiam ajudar mais quem tem filhos pequenos.,3,A comida é sem sal e sem gosto.,5,De vez em quando tem prato diferente.,5,"Às vezes é pouco, mas geralmente dá.",5,"No geral está limpo, com algumas exceções.",3,1,2,3,2,3,4,O material é antigo e precisa de manutenção.,2,3,2,2,2,7,"Depende do dia, mas no geral é ok.",Mais reconhecimento pelo trabalho realizado.,4,4,3,2,4,2,3,3,2,4,Sim,2.0,3.0,3.0,1,2,1,1,1,Nada a declarar.,Próprio Nacional Residencial (PNR),De 15 a 30 minutos,1,3,1,2,4,1,2,4,O soldo não fecha com as contas.,Confortável,Nada a acrescentar.,3,3,4,4,2,3,2,3,2,3,3,2,3,Avisar as escalas com mais antecedência.,6,"No geral, é razoável."
102,2026-08-21,3º R C Mec,1º Tenente,De Carreira,Pós-Graduação / Especialização,"Solteiro(a), sem filhos",Não se aplica,2,3,3,5 vezes ou mais,2,2,4,7,Tem dias bons e dias ruins.,8,Consigo separar bem o trabalho da vida pessoal.,4,Ando com dores e cansaço físico.,7,Emocionalmente estou razoável.,4,4,3,Nada a acrescentar.,6,"A comida é razoável, dá pra comer.",4,"É sempre arroz, feijão e a mesma carne.",4,Serve pouco e não dá pra repetir.,5,"No geral está limpo, com algumas exceções.",3,2,2,3,3,2,3,"Sim, o material é suficiente para o dia a dia.",3,4,4,1,2,7,"Depende do dia, mas no geral é ok.",Melhorar a comunicação entre os setores.,3,3,2,2,4,5,1,2,4,2,Sim,2.0,2.0,3.0,1,1,1,1,1,Seria bom ter mais palestras sobre saúde mental.,Próprio Nacional Residencial (PNR),Até 15 minutos,3,2,3,2,2,1,3,3,Estou endividado e preocupado.,Confortável,Nada a acrescentar.,3,4,2,1,1,3,4,3,3,2,2,2,4,"Manter como está, funciona bem.",9,Estou satisfeito com o clima da OM.
103,2026-08-15,Esqd Cmdo,Cabo,Temporário,Ensino Superior Incompleto (faculdade em andamento),"Solteiro(a), sem filhos","Sim, mora comigo",4,3,2,Nenhuma vez,2,2,3,8,Consigo equilibrar bem minha vida.,6,"Consigo equilibrar às vezes, mas nem sempre.",6,Poderia cuidar melhor do corpo.,7,Emocionalmente estou razoável.,3,3,3,Poderiam ajudar mais quem tem filhos pequenos.,5,"A comida é razoável, dá pra comer.",5,De vez em quando tem prato diferente.,7,"Às vezes é pouco, mas geralmente dá.",5,"A limpeza é razoável, mas podia melhorar.",3,1,2,2,3,2,3,"Sim, o material é suficiente para o dia a dia.",2,4,3,2,2,9,Tenho muito orgulho de pertencer a esta OM.,Mais oportunidades de curso.,4,4,3,2,3,2,2,3,3,3,Não,,,,2,1,1,1,2,Seria bom ter mais palestras sobre saúde mental.,Moradia cedida / com familiares,Mais de 60 minutos,2,1,2,4,3,2,1,5,Consigo me organizar razoavelmente.,Estável / equilibrada,Gostaria de mais clareza sobre os descontos no contracheque.,3,3,3,3,2,1,1,4,3,1,2,1,3,Melhorar o mural de avisos.,6,"No geral, é razoável."
104,2026-08-12,3º B Log,Subtenente,De Carreira,Ensino Superior Incompleto (faculdade em andamento),"Solteiro(a), com filhos",Mora em outra cidade (longe de mim),4,4,3,5 vezes ou mais,3,1,3,5,Minha qualidade de vida é razoável.,4,O serviço toma quase todo o meu tempo.,6,"Minha saúde física está ok, nada grave.",5,Emocionalmente estou razoável.,4,4,3,Gostaria de mais apoio para militares com família longe.,3,A comida é sem sal e sem gosto.,3,"É sempre arroz, feijão e a mesma carne.",7,A quantidade é suficiente na maioria dos dias.,8,O rancho é sempre limpo e organizado.,2,4,2,1,3,3,3,O material é antigo e precisa de manutenção.,3,2,2,4,3,8,Sinto-me honrado em servir aqui.,Melhorar o rancho.,3,4,3,3,2,3,2,2,3,1,Sim,3.0,3.0,2.0,2,1,2,1,2,Sem comentários adicionais.,Moradia cedida / com familiares,De 15 a 30 minutos,2,1,2,2,3,3,2,4,Situação financeira apertada este mês.,Confortável,O soldo não acompanha a inflação.,4,4,3,4,3,2,3,3,2,3,2,2,3,Avisar as escalas com mais antecedência.,5,"No geral, é razoável."
105,2026-08-11,25º GAC,Soldado (Efetivo Profissional – EP),Temporário,Ensino Médio Completo / Técnico,"Casado(a) / união estável, com filhos","Sim, mora comigo",2,2,4,3 a 4 vezes,3,3,4,4,Tenho pouco tempo para mim mesmo.,4,Quase não sobra tempo pra família.,5,Poderia cuidar melhor do corpo.,7,Emocionalmente estou razoável.,4,3,3,Nada a acrescentar.,3,Falta tempero na maioria dos pratos.,4,"É sempre arroz, feijão e a mesma carne.",6,A quantidade é suficiente na maioria dos dias.,8,O rancho é sempre limpo e organizado.,2,1,2,2,4,2,2,Faltam viaturas disponíveis para treinar.,3,3,3,3,2,7,"Depende do dia, mas no geral é ok.",Melhorar o rancho.,2,3,2,2,2,4,4,2,1,2,Não,,,,3,1,1,2,1,Seria bom ter mais palestras sobre saúde mental.,Imóvel alugado por conta própria,De 15 a 30 minutos,3,1,1,3,3,1,4,4,O soldo não fecha com as contas.,Estável / equilibrada,Sem comentários adicionais.,3,3,1,1,3,3,2,3,3,1,1,3,3,"Manter como está, funciona bem.",6,Tem pontos bons e outros a melhorar.
106,2026-08-20,3º Pel PE,Soldado (Efetivo Profissional – EP),Temporário,Ensino Fundamental Completo,"Casado(a) / união estável, com filhos","Sim, mora comigo",3,4,2,5 vezes ou mais,2,4,3,7,Minha qualidade de vida é razoável.,5,"Consigo equilibrar às vezes, mas nem sempre.",5,Poderia cuidar melhor do corpo.,7,Emocionalmente estou razoável.,4,1,4,Gostaria de mais apoio para militares com família longe.,7,"A comida é razoável, dá pra comer.",4,"É sempre arroz, feijão e a mesma carne.",3,A quantidade servida é pouca.,7,"A limpeza é razoável, mas podia melhorar.",2,3,2,3,1,3,4,Falta material de instrução em bom estado.,2,3,1,2,1,8,Sinto-me honrado em servir aqui.,Mais reconhecimento pelo trabalho realizado.,3,3,2,2,2,4,3,2,2,3,Não,,,,2,3,1,1,1,Nada a declarar.,Alojamento na OM,De 30 a 60 minutos,1,2,1,4,2,3,3,5,"Dá para pagar as contas, mas sem sobra.","Apertada, mas sob controle",Sem comentários adicionais.,2,4,1,3,3,3,1,2,2,3,2,3,4,Fazer reuniões mais curtas e objetivas.,6,"No geral, é razoável."
107,2026-08-10,2ª Bia AAAe,Cabo,Temporário,Ensino Médio Completo / Técnico,"Casado(a) / união estável, sem filhos",Não se aplica,3,3,4,3 a 4 vezes,3,4,3,7,Minha qualidade de vida é razoável.,7,"Consigo equilibrar às vezes, mas nem sempre.",6,"Minha saúde física está ok, nada grave.",5,Emocionalmente estou razoável.,4,3,4,Sem observações relevantes.,5,"A comida é razoável, dá pra comer.",6,De vez em quando tem prato diferente.,7,"Às vezes é pouco, mas geralmente dá.",7,"No geral está limpo, com algumas exceções.",2,3,1,3,2,2,4,"Sim, o material é suficiente para o dia a dia.",3,3,3,1,3,8,Sinto-me honrado em servir aqui.,Melhorar a comunicação entre os setores.,3,4,3,2,3,4,5,4,3,3,Não,,,,2,1,1,1,2,Seria bom ter mais palestras sobre saúde mental.,Alojamento na OM,De 30 a 60 minutos,1,1,2,2,2,3,3,6,Consigo me organizar razoavelmente.,"Apertada, mas sob controle",Sem comentários adicionais.,4,1,4,2,4,4,2,3,1,4,4,3,2,"Manter como está, funciona bem.",7,"No geral, é razoável."
108,2026-08-12,3º R C Mec,Major,De Carreira,Mestrado,"Casado(a) / união estável, com filhos",Mora em outra cidade (longe de mim),4,3,4,3 a 4 vezes,3,3,4,6,Minha qualidade de vida é razoável.,8,Consigo separar bem o trabalho da vida pessoal.,6,Poderia cuidar melhor do corpo.,4,Minha cabeça anda muito cheia.,4,3,4,Nada a acrescentar.,5,"O sabor é ok, mas podia melhorar.",3,"É sempre arroz, feijão e a mesma carne.",7,A quantidade é suficiente na maioria dos dias.,7,"No geral está limpo, com algumas exceções.",1,2,2,3,2,1,4,Faltam viaturas disponíveis para treinar.,2,3,3,2,1,6,"Depende do dia, mas no geral é ok.",Melhorar o rancho.,3,2,4,1,3,2,4,2,2,2,Sim,3.0,2.0,2.0,1,1,2,1,3,Nada a declarar.,Próprio Nacional Residencial (PNR),De 15 a 30 minutos,1,2,2,3,2,1,4,4,O soldo não fecha com as contas.,"Apertada, mas sob controle",Nada a acrescentar.,4,2,3,2,2,3,4,3,3,4,2,3,4,Fazer reuniões mais curtas e objetivas.,7,"No geral, é razoável."
109,2026-08-21,3º B Log,Tenente-Coronel,De Carreira,Mestrado,"Casado(a) / união estável, com filhos",Mora em outra cidade (longe de mim),4,2,3,Nenhuma vez,3,4,3,5,Tem dias bons e dias ruins.,6,"Consigo equilibrar às vezes, mas nem sempre.",7,"Minha saúde física está ok, nada grave.",3,Minha cabeça anda muito cheia.,4,4,4,Nada a acrescentar.,6,"A comida é razoável, dá pra comer.",2,Repete muito o cardápio na mesma semana.,5,"Às vezes é pouco, mas geralmente dá.",5,"A limpeza é razoável, mas podia melhorar.",2,2,2,2,3,3,3,"Sim, tenho tudo que preciso.",2,2,3,4,2,5,Tenho um orgulho moderado da OM.,Reduzir a burocracia interna.,3,3,2,2,3,3,4,1,2,1,Sim,4.0,2.0,4.0,1,1,2,1,2,Falta divulgar melhor onde buscar ajuda.,Imóvel próprio,Até 15 minutos,1,2,3,3,1,3,4,2,O soldo não fecha com as contas.,Endividado(a) / com dificuldades,Nada a acrescentar.,2,4,3,2,3,2,3,3,2,3,2,2,2,"Manter como está, funciona bem.",4,Precisa melhorar bastante.
110,2026-08-10,3º Pel PE,3º Sargento,Temporário,Ensino Médio Completo / Técnico,"Solteiro(a), sem filhos","Sim, mora comigo",4,4,4,Nenhuma vez,1,4,3,5,Minha qualidade de vida é razoável.,8,Consigo separar bem o trabalho da vida pessoal.,7,"Minha saúde física está ok, nada grave.",9,Me sinto emocionalmente bem.,3,4,3,Poderiam ajudar mais quem tem filhos pequenos.,4,Falta tempero na maioria dos pratos.,5,"Varia um pouco, mas podia ter mais opções.",6,A quantidade é suficiente na maioria dos dias.,3,Falta higiene na hora de servir.,3,1,1,4,4,3,4,O material é antigo e precisa de manutenção.,3,3,1,3,1,6,Tenho um orgulho moderado da OM.,Melhorar o rancho.,5,3,2,2,4,4,3,3,2,4,Sim,2.0,2.0,3.0,1,1,1,2,1,Sem comentários adicionais.,Imóvel próprio,Até 15 minutos,2,1,4,2,2,3,4,5,"Dá para pagar as contas, mas sem sobra.","Apertada, mas sob controle",Gostaria de mais clareza sobre os descontos no contracheque.,3,2,3,2,3,2,2,4,3,1,4,3,4,Fazer reuniões mais curtas e objetivas.,7,"No geral, é razoável."
111,2026-08-19,7º R C Mec,Cabo,De Carreira,Ensino Médio Completo / Técnico,"Solteiro(a), sem filhos","Sim, mora comigo",2,2,4,3 a 4 vezes,3,2,2,6,Minha qualidade de vida é razoável.,6,Depende muito da semana.,6,"Minha saúde física está ok, nada grave.",7,Emocionalmente estou razoável.,4,3,3,Poderiam ajudar mais quem tem filhos pequenos.,6,"O sabor é ok, mas podia melhorar.",8,Gosto que muda bastante durante a semana.,4,Muitas vezes acaba a comida antes de todos se servirem.,4,As mesas nem sempre estão limpas.,3,4,3,3,4,2,2,Faltam viaturas disponíveis para treinar.,2,4,3,2,3,5,"Depende do dia, mas no geral é ok.",Mais oportunidades de curso.,5,1,3,1,3,4,5,3,2,3,Não,,,,2,1,2,1,1,Falta divulgar melhor onde buscar ajuda.,Imóvel alugado por conta própria,Até 15 minutos,3,3,2,3,3,3,3,6,Consigo me organizar razoavelmente.,"Apertada, mas sob controle",O soldo não acompanha a inflação.,2,4,4,3,3,2,2,1,2,2,2,2,2,Fazer reuniões mais curtas e objetivas.,4,Precisa melhorar bastante.
112,2026-08-18,7º R C Mec,2º Sargento,De Carreira,Ensino Médio Completo / Técnico,"Solteiro(a), com filhos","Sim, mora comigo",4,3,2,3 a 4 vezes,2,2,1,4,Ando cansado e sem tempo de qualidade.,4,Trabalho demais e descanso de menos.,6,Poderia cuidar melhor do corpo.,6,Tenho dias melhores e outros piores.,3,4,4,Nada a acrescentar.,3,Falta tempero na maioria dos pratos.,4,Falta variedade nas saladas e legumes.,6,A quantidade é suficiente na maioria dos dias.,5,"A limpeza é razoável, mas podia melhorar.",4,2,3,3,1,2,2,O material é antigo e precisa de manutenção.,3,3,3,3,2,8,Sinto-me honrado em servir aqui.,Melhorar as condições do alojamento.,4,2,3,4,3,5,2,2,2,4,Sim,2.0,3.0,2.0,1,2,1,1,1,Falta divulgar melhor onde buscar ajuda.,Imóvel próprio,De 15 a 30 minutos,1,2,1,3,3,1,3,1,Estou endividado e preocupado.,"Apertada, mas sob controle",Gostaria de mais clareza sobre os descontos no contracheque.,3,3,3,2,2,3,3,2,2,3,3,2,2,Melhorar o mural de avisos.,8,Estou satisfeito com o clima da OM.
113,2026-08-19,3º Pel PE,Soldado (Efetivo Profissional – EP),Temporário,Ensino Fundamental Completo,"Casado(a) / união estável, com filhos","Sim, mora comigo",3,3,3,Nenhuma vez,2,2,3,6,Minha qualidade de vida é razoável.,7,Depende muito da semana.,5,Poderia cuidar melhor do corpo.,3,Ando estressado e ansioso.,3,4,4,Sem observações relevantes.,3,A comida é sem sal e sem gosto.,2,Repete muito o cardápio na mesma semana.,4,Muitas vezes acaba a comida antes de todos se servirem.,6,"A limpeza é razoável, mas podia melhorar.",2,3,3,2,3,4,2,O material é antigo e precisa de manutenção.,2,3,2,3,2,8,Sinto-me honrado em servir aqui.,Melhorar a comunicação entre os setores.,3,5,1,3,2,4,2,3,3,3,Não,,,,1,1,1,1,1,Sem comentários adicionais.,Alojamento na OM,De 30 a 60 minutos,2,2,3,3,2,3,4,5,"Dá para pagar as contas, mas sem sobra.",Estável / equilibrada,Gostaria de mais clareza sobre os descontos no contracheque.,2,4,3,1,3,1,3,2,3,2,2,2,4,Fazer reuniões mais curtas e objetivas.,9,"No geral, o ambiente é muito bom."
114,2026-08-17,25º GAC,2º Sargento,De Carreira,Ensino Médio Completo / Técnico,"Casado(a) / união estável, sem filhos",Mora em outra cidade (longe de mim),3,4,2,3 a 4 vezes,2,1,3,7,Tem dias bons e dias ruins.,6,"Consigo equilibrar às vezes, mas nem sempre.",6,Poderia cuidar melhor do corpo.,9,Estou tranquilo e equilibrado.,4,3,4,Sem observações relevantes.,6,"O sabor é ok, mas podia melhorar.",5,De vez em quando tem prato diferente.,6,"Às vezes é pouco, mas geralmente dá.",7,"A limpeza é razoável, mas podia melhorar.",4,3,2,3,2,3,3,"Sim, o material é suficiente para o dia a dia.",4,4,3,3,3,7,"Depende do dia, mas no geral é ok.",Melhorar as condições do alojamento.,4,3,1,4,2,3,4,3,3,1,Sim,3.0,4.0,3.0,2,1,1,1,1,Nada a declarar.,Imóvel próprio,De 15 a 30 minutos,1,2,2,3,4,2,4,7,Consigo me organizar razoavelmente.,"Apertada, mas sob controle",O soldo não acompanha a inflação.,3,3,3,3,2,3,1,4,2,2,2,2,2,Melhorar o mural de avisos.,7,"No geral, é razoável."
115,2026-08-21,9º RCB,Soldado (Efetivo Profissional – EP),Temporário,Ensino Fundamental Completo,"Casado(a) / união estável, com filhos",Mora em outra cidade (longe de mim),3,3,3,Nenhuma vez,3,1,3,6,Tem dias bons e dias ruins.,6,Depende muito da semana.,7,"Minha saúde física está ok, nada grave.",7,Tenho dias melhores e outros piores.,4,2,3,Gostaria de mais apoio para militares com família longe.,3,A comida é sem sal e sem gosto.,5,De vez em quando tem prato diferente.,6,A quantidade é suficiente na maioria dos dias.,6,"A limpeza é razoável, mas podia melhorar.",3,2,1,3,3,3,3,"Sim, o material é suficiente para o dia a dia.",3,4,3,2,2,6,"Depende do dia, mas no geral é ok.",Melhorar o rancho.,4,3,3,4,1,4,3,4,2,3,Não,,,,2,4,1,1,1,Sem comentários adicionais.,Imóvel alugado por conta própria,De 15 a 30 minutos,2,3,1,1,2,3,2,5,"Dá para pagar as contas, mas sem sobra.",Endividado(a) / com dificuldades,Nada a acrescentar.,4,2,1,2,2,3,1,2,2,2,2,2,3,"Manter como está, funciona bem.",6,"No geral, é razoável."
116,2026-08-19,3º R C Mec,Cabo,Temporário,Ensino Superior Incompleto (faculdade em andamento),"Solteiro(a), com filhos","Sim, mora comigo",3,4,2,3 a 4 vezes,3,3,3,6,Tem dias bons e dias ruins.,3,O serviço toma quase todo o meu tempo.,7,Poderia cuidar melhor do corpo.,5,Emocionalmente estou razoável.,4,4,4,Nada a acrescentar.,6,"Alguns dias está boa, outros nem tanto.",2,"É sempre arroz, feijão e a mesma carne.",6,A quantidade é suficiente na maioria dos dias.,5,"A limpeza é razoável, mas podia melhorar.",3,4,2,2,4,3,4,Faltam viaturas disponíveis para treinar.,3,3,3,3,3,8,Sinto-me honrado em servir aqui.,Melhorar o rancho.,2,3,3,4,1,3,4,3,3,1,Não,,,,2,1,1,1,2,Nada a declarar.,Moradia cedida / com familiares,De 15 a 30 minutos,1,2,1,3,3,3,2,6,"Dá para pagar as contas, mas sem sobra.","Apertada, mas sob controle",Sem comentários adicionais.,4,4,4,3,3,1,3,3,4,2,3,2,2,Fazer reuniões mais curtas e objetivas.,4,Muitos pontos a corrigir.
117,2026-08-14,2ª Bia AAAe,2º Sargento,Temporário,Ensino Médio Completo / Técnico,"Casado(a) / união estável, sem filhos",Não se aplica,3,3,2,1 a 2 vezes,2,3,2,6,Tem dias bons e dias ruins.,5,Depende muito da semana.,5,Poderia cuidar melhor do corpo.,9,Estou tranquilo e equilibrado.,4,2,4,Gostaria de mais apoio para militares com família longe.,3,O tempero está sempre muito fraco.,1,"É sempre arroz, feijão e a mesma carne.",7,A quantidade é suficiente na maioria dos dias.,7,"A limpeza é razoável, mas podia melhorar.",4,2,1,3,4,3,3,Falta material de instrução em bom estado.,1,4,3,1,2,7,Tenho um orgulho moderado da OM.,Melhorar o rancho.,3,3,3,3,3,4,4,1,4,3,Sim,1.0,2.0,4.0,1,1,2,1,1,Nada a declarar.,Moradia cedida / com familiares,De 15 a 30 minutos,2,2,1,3,2,3,4,3,Estou endividado e preocupado.,"Apertada, mas sob controle",Nada a acrescentar.,4,3,3,2,4,1,3,2,2,1,2,2,2,"Manter como está, funciona bem.",6,"No geral, é razoável."
118,2026-08-20,3ª Cia Eng Cmb Mec,Soldado (Efetivo Variável – EV / Recruta),Temporário,Ensino Médio Completo / Técnico,"Casado(a) / união estável, sem filhos",Mora em outra cidade (longe de mim),3,3,1,3 a 4 vezes,3,1,2,4,A rotina no quartel é muito puxada.,9,Tenho tempo suficiente para minha família.,6,Poderia cuidar melhor do corpo.,8,Me sinto emocionalmente bem.,4,3,3,Sem observações relevantes.,3,Falta tempero na maioria dos pratos.,2,Falta variedade nas saladas e legumes.,4,Serve pouco e não dá pra repetir.,6,"A limpeza é razoável, mas podia melhorar.",2,2,2,4,3,4,4,Falta material de instrução em bom estado.,4,2,2,3,2,7,Tenho um orgulho moderado da OM.,Reduzir a burocracia interna.,3,3,4,3,4,2,4,4,2,4,Não,,,,1,1,1,1,2,Seria bom ter mais palestras sobre saúde mental.,Moradia cedida / com familiares,De 15 a 30 minutos,2,2,1,3,3,2,3,5,Consigo me organizar razoavelmente.,"Apertada, mas sob controle",O soldo não acompanha a inflação.,2,3,4,2,2,2,4,3,3,2,2,1,3,"Manter como está, funciona bem.",4,Precisa melhorar bastante.
119,2026-08-21,3º B Log,Soldado (Efetivo Profissional – EP),Temporário,Ensino Médio Completo / Técnico,"Casado(a) / união estável, sem filhos",Mora em outra cidade (longe de mim),3,3,3,3 a 4 vezes,4,3,2,5,Minha qualidade de vida é razoável.,6,Depende muito da semana.,9,Me sinto bem fisicamente.,5,Emocionalmente estou razoável.,3,4,4,Sem observações relevantes.,6,"O sabor é ok, mas podia melhorar.",3,"É sempre arroz, feijão e a mesma carne.",6,"Às vezes é pouco, mas geralmente dá.",5,"No geral está limpo, com algumas exceções.",3,2,3,2,3,1,3,"Sim, tenho tudo que preciso.",1,3,2,2,1,8,Tenho muito orgulho de pertencer a esta OM.,Melhorar as condições do alojamento.,5,3,3,3,3,1,3,2,4,3,Não,,,,2,2,1,1,1,Falta divulgar melhor onde buscar ajuda.,Alojamento na OM,De 15 a 30 minutos,1,2,1,2,1,3,3,4,Situação financeira apertada este mês.,"Apertada, mas sob controle",Sem comentários adicionais.,2,4,2,3,4,2,2,2,2,2,2,1,3,Avisar as escalas com mais antecedência.,3,O ambiente está bem desgastado.
120,2026-08-21,3º R C Mec,Soldado (Efetivo Profissional – EP),Temporário,Ensino Superior Incompleto (faculdade em andamento),"Solteiro(a), sem filhos","Sim, mora comigo",3,3,4,3 a 4 vezes,4,2,2,5,Minha qualidade de vida é razoável.,4,Quase não sobra tempo pra família.,6,Poderia cuidar melhor do corpo.,8,Estou tranquilo e equilibrado.,4,2,3,Gostaria de mais apoio para militares com família longe.,6,"Alguns dias está boa, outros nem tanto.",4,Falta variedade nas saladas e legumes.,5,A quantidade é suficiente na maioria dos dias.,6,"No geral está limpo, com algumas exceções.",2,2,1,3,2,3,3,Falta material de instrução em bom estado.,2,4,4,2,2,7,"Depende do dia, mas no geral é ok.",Melhorar a comunicação entre os setores.,3,4,4,3,4,3,4,3,2,4,Não,,,,2,2,1,1,1,Falta divulgar melhor onde buscar ajuda.,Alojamento na OM,De 15 a 30 minutos,2,1,1,3,2,1,4,5,Consigo me organizar razoavelmente.,Estável / equilibrada,O soldo não acompanha a inflação.,3,4,4,3,2,2,4,3,3,3,4,4,4,Avisar as escalas com mais antecedência.,6,Tem pontos bons e outros a melhorar.
121,2026-08-16,2ª Bia AAAe,Cabo,Temporário,Ensino Superior Incompleto (faculdade em andamento),"Casado(a) / união estável, sem filhos","Sim, mora comigo",4,4,4,3 a 4 vezes,2,2,2,7,Minha qualidade de vida é razoável.,6,Depende muito da semana.,6,"Minha saúde física está ok, nada grave.",4,Minha cabeça anda muito cheia.,4,2,3,Nada a acrescentar.,5,"Alguns dias está boa, outros nem tanto.",4,Repete muito o cardápio na mesma semana.,6,A quantidade é suficiente na maioria dos dias.,5,"A limpeza é razoável, mas podia melhorar.",1,3,2,3,4,2,2,Falta material de instrução em bom estado.,2,4,3,3,1,8,Tenho muito orgulho de pertencer a esta OM.,Melhorar a comunicação entre os setores.,4,4,3,2,1,4,4,3,3,4,Não,,,,2,1,1,1,1,Nada a declarar.,Imóvel alugado por conta própria,De 15 a 30 minutos,1,3,2,3,2,1,3,4,O soldo não fecha com as contas.,"Apertada, mas sob controle",Nada a acrescentar.,3,4,3,3,2,3,4,2,3,3,3,3,1,Melhorar o mural de avisos.,6,"No geral, é razoável."
122,2026-08-18,QG 3ª Bda C Mec,3º Sargento,De Carreira,Ensino Médio Completo / Técnico,"Casado(a) / união estável, com filhos",Mora em outra cidade (longe de mim),3,3,3,5 vezes ou mais,1,4,3,6,Minha qualidade de vida é razoável.,6,"Consigo equilibrar às vezes, mas nem sempre.",8,Me sinto bem fisicamente.,4,Ando estressado e ansioso.,3,4,4,Nada a acrescentar.,3,Falta tempero na maioria dos pratos.,4,Falta variedade nas saladas e legumes.,5,A quantidade é suficiente na maioria dos dias.,7,"A limpeza é razoável, mas podia melhorar.",3,3,3,2,3,2,3,"Sim, tenho tudo que preciso.",1,2,3,3,2,9,Tenho muito orgulho de pertencer a esta OM.,Reduzir a burocracia interna.,2,3,2,2,4,3,4,3,2,2,Sim,2.0,3.0,2.0,1,1,2,1,1,Nada a declarar.,Imóvel próprio,De 15 a 30 minutos,2,3,1,2,3,3,2,5,Consigo me organizar razoavelmente.,"Apertada, mas sob controle",Sem comentários adicionais.,3,2,3,3,2,3,3,3,2,2,3,3,1,"Manter como está, funciona bem.",7,Tem pontos bons e outros a melhorar.
123,2026-08-13,7º R C Mec,Soldado (Efetivo Profissional – EP),Temporário,Ensino Médio Completo / Técnico,"Solteiro(a), sem filhos","Sim, mora comigo",4,4,3,Nenhuma vez,2,3,3,6,Minha qualidade de vida é razoável.,4,Quase não sobra tempo pra família.,5,Poderia cuidar melhor do corpo.,8,Estou tranquilo e equilibrado.,3,2,4,Nada a acrescentar.,6,"O sabor é ok, mas podia melhorar.",5,"Varia um pouco, mas podia ter mais opções.",8,Nunca fico com fome depois do rancho.,6,"No geral está limpo, com algumas exceções.",4,3,3,4,3,3,3,"Sim, o material é suficiente para o dia a dia.",3,4,2,4,3,9,Tenho muito orgulho de pertencer a esta OM.,Reduzir a burocracia interna.,4,5,3,1,4,5,1,2,2,2,Não,,,,1,2,1,2,1,Nada a declarar.,Imóvel alugado por conta própria,De 15 a 30 minutos,1,2,3,2,3,2,3,5,Consigo me organizar razoavelmente.,Estável / equilibrada,Nada a acrescentar.,2,4,4,2,4,3,3,1,2,4,3,2,3,Fazer reuniões mais curtas e objetivas.,5,Tem pontos bons e outros a melhorar.
124,2026-08-15,2ª Bia AAAe,1º Tenente,De Carreira,Ensino Superior Incompleto (faculdade em andamento),"Casado(a) / união estável, com filhos","Sim, mora comigo",4,3,4,Nenhuma vez,2,3,3,7,Minha qualidade de vida é razoável.,5,"Consigo equilibrar às vezes, mas nem sempre.",7,"Minha saúde física está ok, nada grave.",6,Tenho dias melhores e outros piores.,4,3,4,Gostaria de mais apoio para militares com família longe.,6,"Alguns dias está boa, outros nem tanto.",6,"Varia um pouco, mas podia ter mais opções.",8,A quantidade servida é boa e dá pra repetir.,1,As mesas nem sempre estão limpas.,3,4,2,4,2,3,2,"Sim, tenho tudo que preciso.",3,3,3,3,4,8,Tenho muito orgulho de pertencer a esta OM.,Reduzir a burocracia interna.,3,4,2,3,1,1,4,3,2,2,Sim,1.0,3.0,3.0,1,1,1,1,2,Nada a declarar.,Próprio Nacional Residencial (PNR),Até 15 minutos,4,2,1,2,3,4,2,5,Consigo me organizar razoavelmente.,Confortável,O soldo não acompanha a inflação.,3,4,2,2,3,3,4,2,2,3,2,3,3,Melhorar o mural de avisos.,4,Precisa melhorar bastante.
125,2026-08-13,7º R C Mec,Capitão,De Carreira,Doutorado,"Casado(a) / união estável, sem filhos","Sim, mora comigo",4,3,3,3 a 4 vezes,1,1,1,7,Tem dias bons e dias ruins.,5,Depende muito da semana.,6,Poderia cuidar melhor do corpo.,5,Emocionalmente estou razoável.,4,2,3,Nada a acrescentar.,3,O tempero está sempre muito fraco.,4,"É sempre arroz, feijão e a mesma carne.",6,"Às vezes é pouco, mas geralmente dá.",5,"No geral está limpo, com algumas exceções.",3,2,3,2,2,3,2,Falta material de instrução em bom estado.,3,3,3,4,4,8,Sinto-me honrado em servir aqui.,Mais oportunidades de curso.,2,4,1,1,3,3,2,2,4,3,Não,,,,1,1,1,2,1,Seria bom ter mais palestras sobre saúde mental.,Próprio Nacional Residencial (PNR),Mais de 60 minutos,2,1,1,2,1,3,2,6,Consigo me organizar razoavelmente.,Estável / equilibrada,Gostaria de mais clareza sobre os descontos no contracheque.,4,3,3,2,3,2,3,3,2,3,1,2,2,"Manter como está, funciona bem.",6,"No geral, é razoável."
126,2026-08-19,3º R C Mec,Soldado (Efetivo Variável – EV / Recruta),Temporário,Ensino Médio Incompleto,"Solteiro(a), sem filhos",Mora em outra cidade (longe de mim),3,4,4,5 vezes ou mais,3,2,3,7,Minha qualidade de vida é razoável.,5,Depende muito da semana.,7,Poderia cuidar melhor do corpo.,7,Emocionalmente estou razoável.,3,3,4,Sem observações relevantes.,7,"O sabor é ok, mas podia melhorar.",2,Falta variedade nas saladas e legumes.,6,A quantidade é suficiente na maioria dos dias.,3,Falta higiene na hora de servir.,1,3,3,2,3,1,2,Faltam viaturas disponíveis para treinar.,2,3,2,1,2,7,Tenho um orgulho moderado da OM.,Melhorar as condições do alojamento.,3,3,5,1,1,3,3,4,2,4,Não,,,,1,2,1,1,2,Falta divulgar melhor onde buscar ajuda.,Alojamento na OM,De 30 a 60 minutos,2,2,3,2,1,3,3,7,Consigo me organizar razoavelmente.,"Apertada, mas sob controle",Sem comentários adicionais.,3,3,3,2,3,1,2,3,3,1,4,2,2,"Manter como está, funciona bem.",6,"No geral, é razoável."
127,2026-08-21,3º B Log,2º Sargento,De Carreira,Ensino Médio Completo / Técnico,"Solteiro(a), sem filhos","Sim, mora comigo",2,4,3,5 vezes ou mais,3,2,3,5,Tem dias bons e dias ruins.,6,"Consigo equilibrar às vezes, mas nem sempre.",7,Poderia cuidar melhor do corpo.,7,Emocionalmente estou razoável.,4,2,4,Poderiam ajudar mais quem tem filhos pequenos.,4,A comida chega fria e sem sabor.,6,De vez em quando tem prato diferente.,7,A quantidade é suficiente na maioria dos dias.,5,"No geral está limpo, com algumas exceções.",3,4,1,1,2,2,2,"Sim, tenho tudo que preciso.",3,4,2,3,2,7,Tenho um orgulho moderado da OM.,Mais oportunidades de curso.,4,3,3,3,3,3,2,1,4,4,Sim,4.0,3.0,2.0,2,1,2,1,1,Seria bom ter mais palestras sobre saúde mental.,Próprio Nacional Residencial (PNR),De 30 a 60 minutos,1,2,2,3,4,2,3,3,O soldo não fecha com as contas.,"Apertada, mas sob controle",Gostaria de mais clareza sobre os descontos no contracheque.,2,3,3,2,3,1,1,2,2,2,1,2,3,Avisar as escalas com mais antecedência.,7,"No geral, é razoável."
128,2026-08-11,13ª Cia Com Mec,Soldado (Efetivo Profissional – EP),Temporário,Ensino Fundamental Completo,"Casado(a) / união estável, sem filhos",Mora em outra cidade (longe de mim),1,4,3,3 a 4 vezes,4,2,3,3,A rotina no quartel é muito puxada.,4,O serviço toma quase todo o meu tempo.,7,Poderia cuidar melhor do corpo.,4,Tenho me sentido para baixo ultimamente.,4,4,3,Nada a acrescentar.,4,O tempero está sempre muito fraco.,5,"Varia um pouco, mas podia ter mais opções.",5,"Às vezes é pouco, mas geralmente dá.",4,O rancho precisa de mais limpeza.,3,2,2,1,2,3,4,"Sim, o material é suficiente para o dia a dia.",3,4,2,2,3,6,"Depende do dia, mas no geral é ok.",Reduzir a burocracia interna.,2,4,3,3,2,4,5,1,3,1,Não,,,,1,1,1,1,1,Sem comentários adicionais.,Imóvel alugado por conta própria,De 30 a 60 minutos,1,3,2,4,4,3,2,3,Situação financeira apertada este mês.,Confortável,O soldo não acompanha a inflação.,4,3,3,4,2,3,2,3,2,2,2,3,4,Avisar as escalas com mais antecedência.,8,Estou satisfeito com o clima da OM.
129,2026-08-15,7º R C Mec,Soldado (Efetivo Variável – EV / Recruta),Temporário,Ensino Médio Completo / Técnico,"Casado(a) / união estável, com filhos","Sim, mora comigo",2,3,3,Nenhuma vez,3,2,4,8,Consigo equilibrar bem minha vida.,8,Consigo separar bem o trabalho da vida pessoal.,6,Poderia cuidar melhor do corpo.,7,Emocionalmente estou razoável.,4,3,3,Gostaria de mais apoio para militares com família longe.,3,A comida é sem sal e sem gosto.,4,Falta variedade nas saladas e legumes.,7,"Às vezes é pouco, mas geralmente dá.",5,"No geral está limpo, com algumas exceções.",3,3,2,2,3,1,4,Falta material de instrução em bom estado.,2,3,3,2,2,7,"Depende do dia, mas no geral é ok.",Mais oportunidades de curso.,3,4,3,2,2,4,3,3,2,2,Não,,,,2,1,1,1,1,Nada a declarar.,Moradia cedida / com familiares,De 15 a 30 minutos,3,2,2,3,2,3,4,1,Situação financeira apertada este mês.,Estável / equilibrada,Sem comentários adicionais.,2,3,2,2,4,2,2,2,3,2,3,4,3,Fazer reuniões mais curtas e objetivas.,7,"No geral, é razoável."
130,2026-08-19,Esqd Cmdo,Cabo,Temporário,Ensino Médio Completo / Técnico,"Casado(a) / união estável, com filhos","Sim, mora comigo",3,3,2,1 a 2 vezes,2,4,2,6,Tem dias bons e dias ruins.,4,Quase não sobra tempo pra família.,4,Estou fisicamente desgastado.,6,Emocionalmente estou razoável.,3,3,4,Nada a acrescentar.,3,A comida chega fria e sem sabor.,2,Falta variedade nas saladas e legumes.,5,A quantidade é suficiente na maioria dos dias.,4,As mesas nem sempre estão limpas.,2,3,2,3,3,2,2,O material é antigo e precisa de manutenção.,1,4,4,3,2,9,Tenho muito orgulho de pertencer a esta OM.,Melhorar a comunicação entre os setores.,4,3,1,2,3,4,3,3,3,4,Não,,,,4,2,1,2,1,Nada a declarar.,Moradia cedida / com familiares,Mais de 60 minutos,1,3,2,2,3,3,4,5,"Dá para pagar as contas, mas sem sobra.","Apertada, mas sob controle",Gostaria de mais clareza sobre os descontos no contracheque.,2,2,3,2,4,2,1,2,4,4,2,3,2,Melhorar o mural de avisos.,5,"No geral, é razoável."
131,2026-08-12,25º GAC,Soldado (Efetivo Variável – EV / Recruta),Temporário,Ensino Médio Incompleto,"Casado(a) / união estável, com filhos","Sim, mora comigo",3,3,4,5 vezes ou mais,2,2,1,5,Minha qualidade de vida é razoável.,5,Depende muito da semana.,5,Poderia cuidar melhor do corpo.,7,Emocionalmente estou razoável.,3,3,2,Gostaria de mais apoio para militares com família longe.,5,"A comida é razoável, dá pra comer.",3,Repete muito o cardápio na mesma semana.,4,A quantidade servida é pouca.,5,"A limpeza é razoável, mas podia melhorar.",2,2,2,2,3,2,3,Falta material de instrução em bom estado.,3,3,3,2,2,6,Tenho um orgulho moderado da OM.,Melhorar o rancho.,4,3,2,3,2,3,2,3,3,2,Não,,,,1,1,1,1,1,Sem comentários adicionais.,Moradia cedida / com familiares,De 15 a 30 minutos,1,1,1,2,2,4,3,5,Consigo me organizar razoavelmente.,"Apertada, mas sob controle",Nada a acrescentar.,3,3,3,3,3,3,3,3,3,2,1,1,2,Melhorar o mural de avisos.,6,"No geral, é razoável."
132,2026-08-16,25º GAC,2º Tenente,De Carreira,Ensino Superior Completo (Graduação),"Casado(a) / união estável, com filhos","Sim, mora comigo",3,1,3,3 a 4 vezes,3,3,2,8,Consigo equilibrar bem minha vida.,6,"Consigo equilibrar às vezes, mas nem sempre.",4,Estou fisicamente desgastado.,9,Me sinto emocionalmente bem.,4,3,3,Gostaria de mais apoio para militares com família longe.,5,"O sabor é ok, mas podia melhorar.",7,De vez em quando tem prato diferente.,6,"Às vezes é pouco, mas geralmente dá.",4,As mesas nem sempre estão limpas.,1,2,1,1,1,3,3,"Sim, tenho tudo que preciso.",4,3,4,2,3,4,Não sinto muito orgulho de estar aqui.,Mais reconhecimento pelo trabalho realizado.,5,3,2,4,3,4,3,3,2,1,Sim,3.0,3.0,3.0,1,1,2,1,1,Sem comentários adicionais.,Próprio Nacional Residencial (PNR),De 15 a 30 minutos,1,3,2,2,4,3,3,6,Consigo me organizar razoavelmente.,Estável / equilibrada,Sem comentários adicionais.,1,3,4,4,2,1,3,3,3,4,1,4,2,Melhorar o mural de avisos.,7,Tem pontos bons e outros a melhorar.
133,2026-08-16,3ª Cia Eng Cmb Mec,Soldado (Efetivo Profissional – EP),Temporário,Ensino Médio Completo / Técnico,"Solteiro(a), sem filhos","Sim, mora comigo",3,4,2,3 a 4 vezes,4,2,2,8,Consigo equilibrar bem minha vida.,4,Quase não sobra tempo pra família.,7,"Minha saúde física está ok, nada grave.",8,Me sinto emocionalmente bem.,4,3,3,Nada a acrescentar.,4,O tempero está sempre muito fraco.,3,Repete muito o cardápio na mesma semana.,5,"Às vezes é pouco, mas geralmente dá.",3,Falta higiene na hora de servir.,3,2,3,3,4,2,2,"Sim, o material é suficiente para o dia a dia.",3,4,3,3,1,7,Tenho um orgulho moderado da OM.,Reduzir a burocracia interna.,5,2,4,1,2,3,5,3,3,2,Não,,,,1,3,1,1,3,Falta divulgar melhor onde buscar ajuda.,Alojamento na OM,De 15 a 30 minutos,2,2,1,1,3,3,3,2,O soldo não fecha com as contas.,Endividado(a) / com dificuldades,O soldo não acompanha a inflação.,4,4,4,2,2,2,1,4,3,2,1,3,3,Melhorar o mural de avisos.,6,"No geral, é razoável."
134,2026-08-18,QG 3ª Bda C Mec,1º Tenente,De Carreira,Pós-Graduação / Especialização,"Casado(a) / união estável, sem filhos","Sim, mora comigo",2,3,2,1 a 2 vezes,4,1,4,6,Minha qualidade de vida é razoável.,7,"Consigo equilibrar às vezes, mas nem sempre.",6,"Minha saúde física está ok, nada grave.",7,Emocionalmente estou razoável.,3,2,3,Sem observações relevantes.,5,"A comida é razoável, dá pra comer.",4,"É sempre arroz, feijão e a mesma carne.",3,A quantidade servida é pouca.,4,As mesas nem sempre estão limpas.,2,1,3,3,1,3,2,Falta fardamento e botas em número suficiente.,2,3,3,2,2,3,Não sinto muito orgulho de estar aqui.,Mais reconhecimento pelo trabalho realizado.,3,2,1,1,1,3,4,2,2,4,Sim,2.0,3.0,4.0,2,2,1,1,1,Seria bom ter mais palestras sobre saúde mental.,Imóvel alugado por conta própria,Até 15 minutos,1,2,2,2,2,2,4,6,Consigo me organizar razoavelmente.,"Apertada, mas sob controle",Sem comentários adicionais.,3,2,3,2,3,3,1,2,3,3,4,4,3,Melhorar o mural de avisos.,5,"No geral, é razoável."
135,2026-08-17,9º RCB,Soldado (Efetivo Profissional – EP),Temporário,Ensino Médio Completo / Técnico,"Casado(a) / união estável, sem filhos",Não se aplica,3,3,3,3 a 4 vezes,4,2,3,7,Minha qualidade de vida é razoável.,5,Depende muito da semana.,6,Poderia cuidar melhor do corpo.,7,Tenho dias melhores e outros piores.,3,4,2,Gostaria de mais apoio para militares com família longe.,5,"O sabor é ok, mas podia melhorar.",5,"Varia um pouco, mas podia ter mais opções.",6,"Às vezes é pouco, mas geralmente dá.",9,O rancho é sempre limpo e organizado.,1,3,1,2,2,3,3,Faltam viaturas disponíveis para treinar.,4,4,3,4,3,8,Tenho muito orgulho de pertencer a esta OM.,Melhorar as condições do alojamento.,5,3,2,3,2,4,4,3,3,4,Não,,,,2,1,1,1,1,Falta divulgar melhor onde buscar ajuda.,Moradia cedida / com familiares,De 15 a 30 minutos,1,3,2,3,4,4,2,1,Situação financeira apertada este mês.,Endividado(a) / com dificuldades,Sem comentários adicionais.,4,3,2,3,3,4,3,2,2,3,2,4,3,Melhorar o mural de avisos.,3,Precisa melhorar bastante.
136,2026-08-15,Esqd Cmdo,Cabo,Temporário,Ensino Superior Incompleto (faculdade em andamento),"Solteiro(a), sem filhos","Sim, mora comigo",3,4,2,3 a 4 vezes,3,3,1,8,Estou satisfeito com minha qualidade de vida.,4,O serviço toma quase todo o meu tempo.,6,Poderia cuidar melhor do corpo.,3,Minha cabeça anda muito cheia.,4,3,3,Sem observações relevantes.,3,O tempero está sempre muito fraco.,8,Gosto que muda bastante durante a semana.,5,"Às vezes é pouco, mas geralmente dá.",7,"A limpeza é razoável, mas podia melhorar.",4,3,3,3,3,2,3,"Sim, tenho tudo que preciso.",4,3,4,3,2,9,Tenho muito orgulho de pertencer a esta OM.,Melhorar o rancho.,3,3,2,2,1,2,3,4,3,4,Não,,,,1,1,1,2,1,Nada a declarar.,Moradia cedida / com familiares,De 30 a 60 minutos,2,2,1,3,2,3,3,4,Situação financeira apertada este mês.,Confortável,O soldo não acompanha a inflação.,4,3,2,2,4,2,2,4,2,2,2,3,3,Fazer reuniões mais curtas e objetivas.,7,Tem pontos bons e outros a melhorar.
137,2026-08-14,Esqd Cmdo,2º Tenente,De Carreira,Ensino Superior Completo (Graduação),"Solteiro(a), sem filhos",Mora em outra cidade (longe de mim),3,4,2,5 vezes ou mais,2,2,3,5,Minha qualidade de vida é razoável.,5,"Consigo equilibrar às vezes, mas nem sempre.",9,Me sinto bem fisicamente.,5,Emocionalmente estou razoável.,4,3,4,Gostaria de mais apoio para militares com família longe.,3,A comida é sem sal e sem gosto.,6,De vez em quando tem prato diferente.,6,"Às vezes é pouco, mas geralmente dá.",4,O rancho precisa de mais limpeza.,2,4,3,1,1,3,4,O material é antigo e precisa de manutenção.,4,3,1,3,1,7,Tenho um orgulho moderado da OM.,Mais oportunidades de curso.,4,3,2,2,3,3,3,2,2,4,Sim,4.0,2.0,3.0,1,1,1,1,1,Falta divulgar melhor onde buscar ajuda.,Imóvel próprio,Até 15 minutos,1,3,1,1,2,2,3,4,Estou endividado e preocupado.,"Apertada, mas sob controle",Nada a acrescentar.,3,3,2,2,1,3,2,3,1,2,3,2,3,Melhorar o mural de avisos.,6,Tem pontos bons e outros a melhorar.
138,2026-08-14,7º R C Mec,Soldado (Efetivo Profissional – EP),Temporário,Ensino Médio Completo / Técnico,"Solteiro(a), com filhos",Mora em outra cidade (longe de mim),2,3,2,Nenhuma vez,4,1,4,5,Tem dias bons e dias ruins.,9,Tenho tempo suficiente para minha família.,9,Tenho me exercitado e me sinto disposto.,8,Me sinto emocionalmente bem.,3,4,3,Gostaria de mais apoio para militares com família longe.,3,A comida é sem sal e sem gosto.,5,"Varia um pouco, mas podia ter mais opções.",6,A quantidade é suficiente na maioria dos dias.,2,O rancho precisa de mais limpeza.,3,4,2,3,2,2,3,"Sim, o material é suficiente para o dia a dia.",2,3,2,2,1,7,"Depende do dia, mas no geral é ok.",Mais oportunidades de curso.,2,4,3,2,3,4,3,3,2,3,Não,,,,2,1,1,1,1,Nada a declarar.,Alojamento na OM,De 15 a 30 minutos,3,1,2,4,4,3,2,4,Situação financeira apertada este mês.,Estável / equilibrada,Sem comentários adicionais.,3,3,2,3,2,1,1,4,2,3,1,2,3,Melhorar o mural de avisos.,7,"No geral, é razoável."
139,2026-08-11,3º R C Mec,1º Tenente,De Carreira,Ensino Superior Completo (Graduação),"Casado(a) / união estável, sem filhos","Sim, mora comigo",2,3,2,5 vezes ou mais,4,2,4,5,Tem dias bons e dias ruins.,8,Tenho tempo suficiente para minha família.,7,"Minha saúde física está ok, nada grave.",6,Emocionalmente estou razoável.,4,4,3,Poderiam ajudar mais quem tem filhos pequenos.,4,A comida chega fria e sem sabor.,3,Repete muito o cardápio na mesma semana.,7,A quantidade é suficiente na maioria dos dias.,3,O rancho precisa de mais limpeza.,3,1,3,3,3,3,2,"Sim, o material é suficiente para o dia a dia.",4,4,2,2,2,8,Sinto-me honrado em servir aqui.,Reduzir a burocracia interna.,3,4,2,2,2,3,2,3,2,3,Sim,3.0,3.0,2.0,2,1,1,1,1,Seria bom ter mais palestras sobre saúde mental.,Próprio Nacional Residencial (PNR),De 30 a 60 minutos,2,1,1,3,2,3,2,4,Situação financeira apertada este mês.,"Apertada, mas sob controle",Gostaria de mais clareza sobre os descontos no contracheque.,4,3,3,1,1,2,4,3,2,3,4,1,1,Avisar as escalas com mais antecedência.,5,Tem pontos bons e outros a melhorar.
140,2026-08-15,9º RCB,2º Sargento,De Carreira,Ensino Médio Completo / Técnico,"Casado(a) / união estável, com filhos","Sim, mora comigo",1,3,4,3 a 4 vezes,2,4,3,7,Minha qualidade de vida é razoável.,6,"Consigo equilibrar às vezes, mas nem sempre.",9,Tenho me exercitado e me sinto disposto.,4,Ando estressado e ansioso.,4,3,4,Poderiam ajudar mais quem tem filhos pequenos.,7,"O sabor é ok, mas podia melhorar.",4,Falta variedade nas saladas e legumes.,7,"Às vezes é pouco, mas geralmente dá.",6,"No geral está limpo, com algumas exceções.",2,2,3,3,3,2,4,Faltam viaturas disponíveis para treinar.,4,4,3,2,1,5,"Depende do dia, mas no geral é ok.",Melhorar as condições do alojamento.,3,4,4,4,2,4,2,3,2,2,Não,,,,1,1,3,1,2,Nada a declarar.,Imóvel alugado por conta própria,Mais de 60 minutos,2,1,3,4,1,2,2,5,Consigo me organizar razoavelmente.,Estável / equilibrada,Sem comentários adicionais.,3,4,3,3,3,1,2,3,3,2,2,4,2,Fazer reuniões mais curtas e objetivas.,5,Tem pontos bons e outros a melhorar.
141,2026-08-19,3º B Log,2º Sargento,De Carreira,Ensino Médio Completo / Técnico,"Solteiro(a), sem filhos",Não se aplica,4,4,3,3 a 4 vezes,4,4,3,8,Consigo equilibrar bem minha vida.,4,O serviço toma quase todo o meu tempo.,4,Ando com dores e cansaço físico.,7,Emocionalmente estou razoável.,4,3,3,Nada a acrescentar.,3,A comida é sem sal e sem gosto.,5,De vez em quando tem prato diferente.,7,A quantidade é suficiente na maioria dos dias.,5,"No geral está limpo, com algumas exceções.",2,2,3,3,3,2,3,Falta fardamento e botas em número suficiente.,3,2,4,2,3,8,Sinto-me honrado em servir aqui.,Melhorar as condições do alojamento.,4,2,3,3,4,3,2,3,1,4,Sim,2.0,1.0,2.0,1,2,1,2,2,Nada a declarar.,Imóvel alugado por conta própria,Até 15 minutos,2,1,4,2,2,1,2,2,Situação financeira apertada este mês.,Confortável,O soldo não acompanha a inflação.,2,3,3,3,3,3,2,2,4,2,3,2,2,Fazer reuniões mais curtas e objetivas.,7,"No geral, é razoável."
142,2026-08-19,Esqd Cmdo,1º Sargento,De Carreira,Ensino Médio Completo / Técnico,"Solteiro(a), sem filhos","Sim, mora comigo",3,4,3,5 vezes ou mais,3,3,2,8,Estou satisfeito com minha qualidade de vida.,5,Depende muito da semana.,5,"Minha saúde física está ok, nada grave.",8,Estou tranquilo e equilibrado.,4,4,3,Nada a acrescentar.,4,A comida chega fria e sem sabor.,5,"Varia um pouco, mas podia ter mais opções.",5,A quantidade é suficiente na maioria dos dias.,6,"No geral está limpo, com algumas exceções.",3,4,3,3,2,2,4,Falta material de instrução em bom estado.,3,4,2,1,2,8,Tenho muito orgulho de pertencer a esta OM.,Reduzir a burocracia interna.,5,3,3,2,3,2,4,3,3,2,Sim,3.0,4.0,4.0,1,1,1,1,1,Nada a declarar.,Imóvel alugado por conta própria,De 30 a 60 minutos,3,3,2,2,2,2,3,5,Consigo me organizar razoavelmente.,"Apertada, mas sob controle",O soldo não acompanha a inflação.,3,4,2,3,3,4,3,2,4,4,4,2,2,Fazer reuniões mais curtas e objetivas.,8,"No geral, o ambiente é muito bom."
143,2026-08-21,3ª Cia Eng Cmb Mec,Soldado (Efetivo Variável – EV / Recruta),Temporário,Ensino Superior Incompleto (faculdade em andamento),"Casado(a) / união estável, com filhos","Sim, mora comigo",3,4,2,3 a 4 vezes,4,3,3,5,Tem dias bons e dias ruins.,6,Depende muito da semana.,8,Tenho me exercitado e me sinto disposto.,5,Tenho dias melhores e outros piores.,4,2,3,Nada a acrescentar.,6,"A comida é razoável, dá pra comer.",5,De vez em quando tem prato diferente.,8,Nunca fico com fome depois do rancho.,8,A higiene do local é muito boa.,3,3,1,2,2,2,2,Falta material de instrução em bom estado.,4,3,3,1,1,8,Sinto-me honrado em servir aqui.,Melhorar a comunicação entre os setores.,2,4,2,2,3,3,4,3,2,2,Não,,,,4,2,2,1,1,Seria bom ter mais palestras sobre saúde mental.,Imóvel alugado por conta própria,De 30 a 60 minutos,2,4,2,3,3,3,3,4,Estou endividado e preocupado.,"Apertada, mas sob controle",Nada a acrescentar.,3,4,4,4,1,4,2,3,3,2,3,2,2,Fazer reuniões mais curtas e objetivas.,7,"No geral, é razoável."
144,2026-08-14,3º R C Mec,Capitão,De Carreira,Pós-Graduação / Especialização,"Solteiro(a), sem filhos","Sim, mora comigo",3,2,1,3 a 4 vezes,2,3,3,6,Tem dias bons e dias ruins.,4,Quase não sobra tempo pra família.,7,"Minha saúde física está ok, nada grave.",6,Tenho dias melhores e outros piores.,4,4,4,Sem observações relevantes.,4,A comida é sem sal e sem gosto.,3,Falta variedade nas saladas e legumes.,2,Serve pouco e não dá pra repetir.,5,"A limpeza é razoável, mas podia melhorar.",3,3,1,1,4,3,4,"Sim, o material é suficiente para o dia a dia.",4,3,3,3,2,6,"Depende do dia, mas no geral é ok.",Mais oportunidades de curso.,5,2,5,5,2,4,5,2,4,1,Sim,3.0,4.0,3.0,1,1,1,1,1,Falta divulgar melhor onde buscar ajuda.,Imóvel próprio,Mais de 60 minutos,1,2,3,2,4,2,3,5,"Dá para pagar as contas, mas sem sobra.",Estável / equilibrada,Sem comentários adicionais.,4,4,3,2,2,2,1,1,3,3,3,2,4,Melhorar o mural de avisos.,8,Estou satisfeito com o clima da OM.
145,2026-08-18,2ª Bia AAAe,Major,De Carreira,Pós-Graduação / Especialização,"Solteiro(a), sem filhos","Sim, mora comigo",3,4,3,5 vezes ou mais,2,3,1,7,Tem dias bons e dias ruins.,8,Consigo separar bem o trabalho da vida pessoal.,6,"Minha saúde física está ok, nada grave.",6,Emocionalmente estou razoável.,4,3,2,Sem observações relevantes.,6,"A comida é razoável, dá pra comer.",4,Repete muito o cardápio na mesma semana.,5,"Às vezes é pouco, mas geralmente dá.",6,"A limpeza é razoável, mas podia melhorar.",2,2,2,2,3,1,3,"Sim, tenho tudo que preciso.",2,1,3,3,2,6,"Depende do dia, mas no geral é ok.",Melhorar as condições do alojamento.,2,4,3,5,3,3,5,2,3,2,Sim,4.0,2.0,4.0,4,1,2,3,2,Nada a declarar.,Próprio Nacional Residencial (PNR),De 15 a 30 minutos,3,3,3,2,1,3,3,4,Estou endividado e preocupado.,Confortável,Nada a acrescentar.,4,3,4,2,2,2,3,4,4,2,1,2,4,"Manter como está, funciona bem.",5,Tem pontos bons e outros a melhorar.
146,2026-08-13,3ª Cia Eng Cmb Mec,Cabo,Temporário,Ensino Médio Completo / Técnico,"Solteiro(a), com filhos","Sim, mora comigo",3,3,2,Nenhuma vez,1,4,1,6,Tem dias bons e dias ruins.,5,"Consigo equilibrar às vezes, mas nem sempre.",8,Tenho me exercitado e me sinto disposto.,8,Estou tranquilo e equilibrado.,3,3,3,Sem observações relevantes.,3,Falta tempero na maioria dos pratos.,3,Repete muito o cardápio na mesma semana.,5,"Às vezes é pouco, mas geralmente dá.",5,"A limpeza é razoável, mas podia melhorar.",3,3,3,3,4,2,2,Falta fardamento e botas em número suficiente.,3,3,3,3,3,7,"Depende do dia, mas no geral é ok.",Reduzir a burocracia interna.,4,2,4,3,2,4,4,3,4,2,Não,,,,2,1,1,1,1,Sem comentários adicionais.,Alojamento na OM,Mais de 60 minutos,1,2,2,1,4,3,3,4,Situação financeira apertada este mês.,"Apertada, mas sob controle",Nada a acrescentar.,4,4,3,3,3,3,3,3,4,4,2,3,3,Avisar as escalas com mais antecedência.,6,"No geral, é razoável."
147,2026-08-20,3ª Cia Eng Cmb Mec,Soldado (Efetivo Variável – EV / Recruta),Temporário,Ensino Médio Incompleto,"Solteiro(a), sem filhos","Sim, mora comigo",3,3,3,Nenhuma vez,1,2,1,4,Ando cansado e sem tempo de qualidade.,5,"Consigo equilibrar às vezes, mas nem sempre.",5,Poderia cuidar melhor do corpo.,6,Emocionalmente estou razoável.,3,3,4,Nada a acrescentar.,4,A comida chega fria e sem sabor.,2,"É sempre arroz, feijão e a mesma carne.",5,"Às vezes é pouco, mas geralmente dá.",8,O rancho é sempre limpo e organizado.,2,2,3,2,3,4,2,Faltam viaturas disponíveis para treinar.,2,4,2,2,1,5,Tenho um orgulho moderado da OM.,Melhorar a comunicação entre os setores.,3,4,3,3,3,3,3,1,4,2,Não,,,,2,2,2,1,1,Sem comentários adicionais.,Imóvel alugado por conta própria,De 15 a 30 minutos,1,1,1,3,2,1,3,7,"Dá para pagar as contas, mas sem sobra.","Apertada, mas sob controle",O soldo não acompanha a inflação.,4,2,2,3,2,2,2,2,3,2,3,3,1,Avisar as escalas com mais antecedência.,4,Muitos pontos a corrigir.
148,2026-08-20,7º R C Mec,Soldado (Efetivo Variável – EV / Recruta),Temporário,Ensino Médio Incompleto,"Solteiro(a), sem filhos","Sim, mora comigo",2,4,3,1 a 2 vezes,2,3,1,5,Tem dias bons e dias ruins.,6,"Consigo equilibrar às vezes, mas nem sempre.",7,"Minha saúde física está ok, nada grave.",6,Emocionalmente estou razoável.,4,4,4,Gostaria de mais apoio para militares com família longe.,5,"O sabor é ok, mas podia melhorar.",4,"É sempre arroz, feijão e a mesma carne.",6,"Às vezes é pouco, mas geralmente dá.",2,Falta higiene na hora de servir.,2,3,3,3,4,4,2,Faltam viaturas disponíveis para treinar.,3,3,3,1,2,9,Tenho muito orgulho de pertencer a esta OM.,Melhorar a comunicação entre os setores.,2,2,3,1,1,2,3,2,2,2,Não,,,,1,1,2,1,2,Falta divulgar melhor onde buscar ajuda.,Imóvel alugado por conta própria,Até 15 minutos,3,3,3,2,3,2,4,1,O soldo não fecha com as contas.,Endividado(a) / com dificuldades,O soldo não acompanha a inflação.,3,4,4,1,4,4,2,2,3,1,3,3,4,Avisar as escalas com mais antecedência.,5,Tem pontos bons e outros a melhorar.
149,2026-08-10,9º RCB,Soldado (Efetivo Profissional – EP),De Carreira,Ensino Médio Completo / Técnico,"Solteiro(a), com filhos","Sim, mora comigo",3,4,1,3 a 4 vezes,3,3,3,7,Tem dias bons e dias ruins.,6,Depende muito da semana.,4,Não tenho conseguido cuidar da saúde.,5,Tenho dias melhores e outros piores.,3,2,4,Nada a acrescentar.,5,"O sabor é ok, mas podia melhorar.",6,"Varia um pouco, mas podia ter mais opções.",4,A quantidade servida é pouca.,6,"A limpeza é razoável, mas podia melhorar.",2,3,2,1,2,3,2,"Sim, tenho tudo que preciso.",2,3,3,3,2,5,"Depende do dia, mas no geral é ok.",Mais oportunidades de curso.,4,3,3,4,3,2,5,4,4,3,Não,,,,1,1,1,1,1,Falta divulgar melhor onde buscar ajuda.,Alojamento na OM,Até 15 minutos,2,3,1,2,3,2,3,5,"Dá para pagar as contas, mas sem sobra.","Apertada, mas sob controle",Sem comentários adicionais.,3,3,2,3,4,3,1,3,3,2,2,3,2,Melhorar o mural de avisos.,9,Estou satisfeito com o clima da OM.
150,2026-08-19,3º R C Mec,Major,De Carreira,Pós-Graduação / Especialização,"Solteiro(a), com filhos","Sim, mora comigo",3,3,4,5 vezes ou mais,3,3,2,7,Tem dias bons e dias ruins.,1,Quase não sobra tempo pra família.,7,Poderia cuidar melhor do corpo.,6,Tenho dias melhores e outros piores.,4,3,4,Sem observações relevantes.,3,A comida chega fria e sem sabor.,4,"É sempre arroz, feijão e a mesma carne.",6,A quantidade é suficiente na maioria dos dias.,4,Falta higiene na hora de servir.,2,3,2,3,2,1,2,Faltam viaturas disponíveis para treinar.,3,3,4,1,2,8,Sinto-me honrado em servir aqui.,Mais oportunidades de curso.,2,2,2,3,2,3,2,3,2,4,Sim,2.0,3.0,2.0,3,1,1,1,1,Sem comentários adicionais.,Imóvel próprio,De 15 a 30 minutos,3,3,1,2,2,2,3,4,Estou endividado e preocupado.,Estável / equilibrada,Nada a acrescentar.,4,4,2,2,3,3,2,2,3,3,2,3,3,Avisar as escalas com mais antecedência.,5,"No geral, é razoável."
151,2026-08-16,25º GAC,Soldado (Efetivo Variável – EV / Recruta),Temporário,Ensino Fundamental Completo,"Solteiro(a), sem filhos",Mora em outra cidade (longe de mim),2,4,2,1 a 2 vezes,1,4,2,2,Tenho pouco tempo para mim mesmo.,7,"Consigo equilibrar às vezes, mas nem sempre.",6,"Minha saúde física está ok, nada grave.",4,Ando estressado e ansioso.,4,2,4,Poderiam ajudar mais quem tem filhos pequenos.,4,Falta tempero na maioria dos pratos.,3,Repete muito o cardápio na mesma semana.,7,A quantidade é suficiente na maioria dos dias.,3,As mesas nem sempre estão limpas.,2,1,1,2,3,2,4,Falta fardamento e botas em número suficiente.,2,2,4,4,2,4,Falta motivo para se orgulhar no momento.,Mais oportunidades de curso.,2,3,3,2,3,4,3,2,2,2,Não,,,,2,2,1,1,1,Sem comentários adicionais.,Alojamento na OM,Até 15 minutos,4,2,1,3,3,3,3,2,Situação financeira apertada este mês.,Confortável,Sem comentários adicionais.,3,3,3,3,3,4,3,3,4,2,3,3,3,"Manter como está, funciona bem.",6,"No geral, é razoável."
152,2026-08-13,9º RCB,Soldado (Efetivo Variável – EV / Recruta),Temporário,Ensino Médio Completo / Técnico,"Solteiro(a), sem filhos","Sim, mora comigo",2,2,4,1 a 2 vezes,2,3,3,2,Tenho pouco tempo para mim mesmo.,1,Quase não sobra tempo pra família.,8,Me sinto bem fisicamente.,5,Tenho dias melhores e outros piores.,4,3,4,Poderiam ajudar mais quem tem filhos pequenos.,4,O tempero está sempre muito fraco.,7,"Varia um pouco, mas podia ter mais opções.",8,Nunca fico com fome depois do rancho.,5,"No geral está limpo, com algumas exceções.",2,4,4,4,3,1,4,"Sim, o material é suficiente para o dia a dia.",4,2,2,3,2,6,"Depende do dia, mas no geral é ok.",Melhorar a comunicação entre os setores.,2,2,4,4,2,5,4,2,3,2,Não,,,,2,1,2,1,1,Falta divulgar melhor onde buscar ajuda.,Alojamento na OM,De 15 a 30 minutos,2,1,3,4,4,3,4,5,"Dá para pagar as contas, mas sem sobra.",Estável / equilibrada,Nada a acrescentar.,2,3,4,1,2,1,3,1,3,3,3,2,2,Fazer reuniões mais curtas e objetivas.,6,Tem pontos bons e outros a melhorar.
153,2026-08-15,QG 3ª Bda C Mec,Capitão,De Carreira,Pós-Graduação / Especialização,"Solteiro(a), sem filhos","Sim, mora comigo",1,4,1,1 a 2 vezes,4,2,2,4,A rotina no quartel é muito puxada.,6,Depende muito da semana.,7,"Minha saúde física está ok, nada grave.",7,Tenho dias melhores e outros piores.,3,4,3,Poderiam ajudar mais quem tem filhos pequenos.,4,O tempero está sempre muito fraco.,5,"Varia um pouco, mas podia ter mais opções.",3,Muitas vezes acaba a comida antes de todos se servirem.,5,"No geral está limpo, com algumas exceções.",2,3,1,3,2,2,4,Falta fardamento e botas em número suficiente.,2,4,4,3,2,5,"Depende do dia, mas no geral é ok.",Melhorar as condições do alojamento.,3,1,2,3,2,4,4,3,3,3,Não,,,,2,1,2,1,2,Falta divulgar melhor onde buscar ajuda.,Imóvel próprio,Até 15 minutos,2,2,1,4,2,2,3,5,Consigo me organizar razoavelmente.,Endividado(a) / com dificuldades,Sem comentários adicionais.,4,3,3,2,3,3,3,1,2,2,3,2,1,Avisar as escalas com mais antecedência.,4,O ambiente está bem desgastado.
154,2026-08-15,3º Pel PE,Soldado (Efetivo Profissional – EP),Temporário,Ensino Médio Completo / Técnico,"Solteiro(a), sem filhos","Sim, mora comigo",2,4,4,1 a 2 vezes,3,3,4,8,Consigo equilibrar bem minha vida.,7,Depende muito da semana.,6,Poderia cuidar melhor do corpo.,7,Emocionalmente estou razoável.,3,3,4,Sem observações relevantes.,1,A comida chega fria e sem sabor.,3,Falta variedade nas saladas e legumes.,3,A quantidade servida é pouca.,6,"No geral está limpo, com algumas exceções.",2,2,3,3,3,3,3,Falta material de instrução em bom estado.,2,2,3,3,3,5,Tenho um orgulho moderado da OM.,Mais reconhecimento pelo trabalho realizado.,4,5,4,3,3,3,3,2,2,4,Não,,,,2,3,1,1,2,Nada a declarar.,Moradia cedida / com familiares,De 30 a 60 minutos,1,1,2,3,2,3,3,3,Situação financeira apertada este mês.,Estável / equilibrada,Sem comentários adicionais.,2,3,4,3,4,2,2,4,3,3,2,3,2,"Manter como está, funciona bem.",8,"No geral, o ambiente é muito bom."
155,2026-08-17,3º R C Mec,Soldado (Efetivo Variável – EV / Recruta),Temporário,Ensino Médio Completo / Técnico,"Casado(a) / união estável, com filhos",Mora em outra cidade (longe de mim),3,3,3,1 a 2 vezes,3,4,2,5,Tem dias bons e dias ruins.,3,Quase não sobra tempo pra família.,9,Me sinto bem fisicamente.,9,Me sinto emocionalmente bem.,4,3,3,Sem observações relevantes.,6,"A comida é razoável, dá pra comer.",5,"Varia um pouco, mas podia ter mais opções.",8,A quantidade servida é boa e dá pra repetir.,8,A higiene do local é muito boa.,3,2,4,2,1,3,3,"Sim, tenho tudo que preciso.",2,3,2,2,1,5,"Depende do dia, mas no geral é ok.",Reduzir a burocracia interna.,2,3,1,3,4,3,3,3,3,3,Não,,,,1,1,1,2,1,Sem comentários adicionais.,Imóvel alugado por conta própria,De 15 a 30 minutos,4,1,1,3,3,4,2,4,Situação financeira apertada este mês.,"Apertada, mas sob controle",Sem comentários adicionais.,3,4,4,3,4,3,2,3,2,2,1,3,3,Fazer reuniões mais curtas e objetivas.,8,"No geral, o ambiente é muito bom."
156,2026-08-15,13ª Cia Com Mec,Soldado (Efetivo Profissional – EP),De Carreira,Ensino Médio Completo / Técnico,"Solteiro(a), sem filhos","Sim, mora comigo",2,4,2,5 vezes ou mais,2,3,3,4,Tenho pouco tempo para mim mesmo.,5,"Consigo equilibrar às vezes, mas nem sempre.",7,"Minha saúde física está ok, nada grave.",6,Tenho dias melhores e outros piores.,4,4,3,Poderiam ajudar mais quem tem filhos pequenos.,4,A comida é sem sal e sem gosto.,6,"Varia um pouco, mas podia ter mais opções.",5,"Às vezes é pouco, mas geralmente dá.",8,O rancho é sempre limpo e organizado.,2,3,3,2,4,4,4,O material é antigo e precisa de manutenção.,4,4,3,2,3,8,Tenho muito orgulho de pertencer a esta OM.,Mais reconhecimento pelo trabalho realizado.,5,3,5,2,2,2,2,3,3,3,Não,,,,1,1,1,1,1,Nada a declarar.,Alojamento na OM,Até 15 minutos,3,3,2,2,3,2,4,2,Estou endividado e preocupado.,"Apertada, mas sob controle",Nada a acrescentar.,1,2,2,2,3,2,2,3,1,1,2,1,4,Avisar as escalas com mais antecedência.,5,"No geral, é razoável."
157,2026-08-16,7º R C Mec,Soldado (Efetivo Variável – EV / Recruta),Temporário,Ensino Médio Completo / Técnico,"Casado(a) / união estável, sem filhos","Sim, mora comigo",4,3,1,5 vezes ou mais,1,4,3,6,Tem dias bons e dias ruins.,4,Trabalho demais e descanso de menos.,7,Poderia cuidar melhor do corpo.,6,Emocionalmente estou razoável.,4,3,3,Nada a acrescentar.,4,Falta tempero na maioria dos pratos.,5,"Varia um pouco, mas podia ter mais opções.",6,A quantidade é suficiente na maioria dos dias.,5,"No geral está limpo, com algumas exceções.",3,3,2,3,3,3,3,Falta fardamento e botas em número suficiente.,1,3,2,3,1,6,"Depende do dia, mas no geral é ok.",Mais oportunidades de curso.,3,4,3,2,4,4,5,3,3,4,Não,,,,1,1,1,1,1,Nada a declarar.,Alojamento na OM,Mais de 60 minutos,3,2,3,3,3,3,3,3,O soldo não fecha com as contas.,Estável / equilibrada,Sem comentários adicionais.,4,3,3,2,1,2,2,3,4,1,2,3,3,Avisar as escalas com mais antecedência.,7,Tem pontos bons e outros a melhorar.
158,2026-08-15,QG 3ª Bda C Mec,Soldado (Efetivo Profissional – EP),Temporário,Ensino Médio Completo / Técnico,"Solteiro(a), com filhos",Mora em outra cidade (longe de mim),3,4,4,1 a 2 vezes,2,2,2,8,Estou satisfeito com minha qualidade de vida.,9,Consigo separar bem o trabalho da vida pessoal.,4,Estou fisicamente desgastado.,7,Emocionalmente estou razoável.,4,4,4,Sem observações relevantes.,6,"Alguns dias está boa, outros nem tanto.",4,Falta variedade nas saladas e legumes.,4,Serve pouco e não dá pra repetir.,6,"No geral está limpo, com algumas exceções.",2,4,3,3,4,1,4,Falta material de instrução em bom estado.,3,3,3,2,2,9,Tenho muito orgulho de pertencer a esta OM.,Melhorar as condições do alojamento.,5,4,1,4,1,4,4,3,2,3,Não,,,,2,1,1,1,1,Seria bom ter mais palestras sobre saúde mental.,Alojamento na OM,De 30 a 60 minutos,2,1,3,2,2,3,2,5,"Dá para pagar as contas, mas sem sobra.",Estável / equilibrada,O soldo não acompanha a inflação.,2,3,4,3,2,1,1,2,3,2,1,3,3,Melhorar o mural de avisos.,6,"No geral, é razoável."
159,2026-08-12,3º R C Mec,Soldado (Efetivo Variável – EV / Recruta),Temporário,Ensino Superior Incompleto (faculdade em andamento),"Casado(a) / união estável, com filhos","Sim, mora comigo",3,4,4,3 a 4 vezes,3,4,3,6,Tem dias bons e dias ruins.,6,"Consigo equilibrar às vezes, mas nem sempre.",7,"Minha saúde física está ok, nada grave.",7,Emocionalmente estou razoável.,4,4,4,Nada a acrescentar.,8,A comida está bem temperada.,6,"Varia um pouco, mas podia ter mais opções.",5,"Às vezes é pouco, mas geralmente dá.",5,"No geral está limpo, com algumas exceções.",2,3,2,3,3,1,4,Faltam viaturas disponíveis para treinar.,3,2,2,3,2,6,"Depende do dia, mas no geral é ok.",Melhorar as condições do alojamento.,5,2,3,4,3,2,4,3,2,3,Não,,,,1,1,1,1,1,Nada a declarar.,Alojamento na OM,De 15 a 30 minutos,2,2,1,4,2,3,1,6,Consigo me organizar razoavelmente.,"Apertada, mas sob controle",Nada a acrescentar.,3,3,3,4,3,3,2,4,3,1,2,2,3,Melhorar o mural de avisos.,8,"No geral, o ambiente é muito bom."
160,2026-08-13,7º R C Mec,Cabo,De Carreira,Ensino Médio Incompleto,"Casado(a) / união estável, com filhos","Sim, mora comigo",1,4,4,1 a 2 vezes,2,4,4,5,Tem dias bons e dias ruins.,7,"Consigo equilibrar às vezes, mas nem sempre.",7,Poderia cuidar melhor do corpo.,5,Emocionalmente estou razoável.,3,3,4,Gostaria de mais apoio para militares com família longe.,3,A comida chega fria e sem sabor.,5,De vez em quando tem prato diferente.,3,Serve pouco e não dá pra repetir.,9,O rancho é sempre limpo e organizado.,2,3,3,3,2,3,3,Faltam viaturas disponíveis para treinar.,2,4,3,1,2,8,Tenho muito orgulho de pertencer a esta OM.,Reduzir a burocracia interna.,4,2,4,3,4,4,4,3,3,1,Não,,,,1,3,2,1,1,Sem comentários adicionais.,Imóvel alugado por conta própria,De 30 a 60 minutos,3,3,2,2,2,3,2,2,O soldo não fecha com as contas.,"Apertada, mas sob controle",Nada a acrescentar.,4,4,3,1,3,3,1,2,3,1,1,2,1,Avisar as escalas com mais antecedência.,7,Tem pontos bons e outros a melhorar.
161,2026-08-19,25º GAC,Soldado (Efetivo Profissional – EP),Temporário,Ensino Médio Completo / Técnico,"Solteiro(a), sem filhos",Mora em outra cidade (longe de mim),3,4,4,3 a 4 vezes,2,4,3,6,Tem dias bons e dias ruins.,7,Depende muito da semana.,7,"Minha saúde física está ok, nada grave.",7,Tenho dias melhores e outros piores.,3,3,4,Gostaria de mais apoio para militares com família longe.,3,A comida é sem sal e sem gosto.,5,De vez em quando tem prato diferente.,6,A quantidade é suficiente na maioria dos dias.,5,"A limpeza é razoável, mas podia melhorar.",3,2,2,2,2,4,2,Faltam viaturas disponíveis para treinar.,1,4,2,1,1,9,Sinto-me honrado em servir aqui.,Reduzir a burocracia interna.,5,2,3,2,2,3,1,3,4,3,Não,,,,1,1,1,1,1,Nada a declarar.,Alojamento na OM,Até 15 minutos,3,2,2,4,3,1,2,2,Estou endividado e preocupado.,Estável / equilibrada,Sem comentários adicionais.,2,2,4,3,3,3,2,3,3,3,2,1,2,"Manter como está, funciona bem.",7,Tem pontos bons e outros a melhorar.
162,2026-08-18,9º RCB,Subtenente,De Carreira,Ensino Médio Completo / Técnico,"Casado(a) / união estável, sem filhos",Mora em outra cidade (longe de mim),2,4,3,Nenhuma vez,2,3,3,3,A rotina no quartel é muito puxada.,6,"Consigo equilibrar às vezes, mas nem sempre.",3,Estou fisicamente desgastado.,5,Emocionalmente estou razoável.,3,4,4,Nada a acrescentar.,3,O tempero está sempre muito fraco.,5,De vez em quando tem prato diferente.,6,A quantidade é suficiente na maioria dos dias.,6,"A limpeza é razoável, mas podia melhorar.",3,2,2,2,3,2,2,"Sim, o material é suficiente para o dia a dia.",3,3,4,3,2,5,Tenho um orgulho moderado da OM.,Melhorar a comunicação entre os setores.,3,3,4,3,3,4,3,2,2,1,Sim,2.0,3.0,3.0,1,1,1,1,1,Falta divulgar melhor onde buscar ajuda.,Imóvel alugado por conta própria,De 30 a 60 minutos,3,3,1,3,4,1,3,9,Minha situação financeira está sob controle.,Confortável,Sem comentários adicionais.,4,3,3,1,2,2,1,3,4,4,2,1,3,Avisar as escalas com mais antecedência.,7,"No geral, é razoável."
163,2026-08-16,3º R C Mec,Soldado (Efetivo Profissional – EP),Temporário,Ensino Superior Incompleto (faculdade em andamento),"Casado(a) / união estável, com filhos","Sim, mora comigo",4,4,3,5 vezes ou mais,1,2,2,6,Minha qualidade de vida é razoável.,5,Depende muito da semana.,4,Não tenho conseguido cuidar da saúde.,9,Estou tranquilo e equilibrado.,4,4,3,Gostaria de mais apoio para militares com família longe.,4,A comida é sem sal e sem gosto.,5,De vez em quando tem prato diferente.,4,A quantidade servida é pouca.,6,"A limpeza é razoável, mas podia melhorar.",2,4,2,3,4,3,3,Faltam viaturas disponíveis para treinar.,1,4,3,4,1,8,Tenho muito orgulho de pertencer a esta OM.,Mais oportunidades de curso.,3,4,5,4,2,3,4,2,2,2,Não,,,,1,2,1,1,1,Sem comentários adicionais.,Moradia cedida / com familiares,De 30 a 60 minutos,1,1,3,2,4,4,4,7,Consigo me organizar razoavelmente.,"Apertada, mas sob controle",Gostaria de mais clareza sobre os descontos no contracheque.,4,3,3,2,2,2,2,4,2,1,4,3,2,Melhorar o mural de avisos.,6,Tem pontos bons e outros a melhorar.
164,2026-08-20,9º RCB,Soldado (Efetivo Variável – EV / Recruta),Temporário,Ensino Médio Incompleto,"Solteiro(a), com filhos","Sim, mora comigo",3,3,3,3 a 4 vezes,2,2,2,8,Estou satisfeito com minha qualidade de vida.,4,Quase não sobra tempo pra família.,6,Poderia cuidar melhor do corpo.,6,Emocionalmente estou razoável.,4,4,4,Gostaria de mais apoio para militares com família longe.,4,O tempero está sempre muito fraco.,5,De vez em quando tem prato diferente.,4,Muitas vezes acaba a comida antes de todos se servirem.,7,"No geral está limpo, com algumas exceções.",2,2,2,3,2,3,4,O material é antigo e precisa de manutenção.,2,3,1,3,2,6,Tenho um orgulho moderado da OM.,Melhorar o rancho.,4,3,2,2,4,2,4,4,2,3,Não,,,,1,1,3,1,2,Seria bom ter mais palestras sobre saúde mental.,Imóvel alugado por conta própria,De 15 a 30 minutos,1,3,1,2,3,3,2,5,"Dá para pagar as contas, mas sem sobra.","Apertada, mas sob controle",O soldo não acompanha a inflação.,4,3,4,2,3,1,2,4,3,3,3,3,2,"Manter como está, funciona bem.",8,Estou satisfeito com o clima da OM.
165,2026-08-16,13ª Cia Com Mec,1º Sargento,De Carreira,Ensino Superior Incompleto (faculdade em andamento),"Solteiro(a), sem filhos","Sim, mora comigo",4,4,3,3 a 4 vezes,3,2,2,6,Tem dias bons e dias ruins.,7,"Consigo equilibrar às vezes, mas nem sempre.",6,"Minha saúde física está ok, nada grave.",7,Tenho dias melhores e outros piores.,3,4,4,Sem observações relevantes.,4,A comida é sem sal e sem gosto.,4,Falta variedade nas saladas e legumes.,5,"Às vezes é pouco, mas geralmente dá.",5,"A limpeza é razoável, mas podia melhorar.",2,2,2,3,1,2,4,"Sim, tenho tudo que preciso.",2,3,2,2,2,6,Tenho um orgulho moderado da OM.,Melhorar a comunicação entre os setores.,4,3,1,2,1,4,3,3,3,3,Sim,3.0,3.0,2.0,2,2,1,1,1,Seria bom ter mais palestras sobre saúde mental.,Imóvel próprio,De 15 a 30 minutos,3,1,2,4,2,1,3,4,Estou endividado e preocupado.,Estável / equilibrada,Sem comentários adicionais.,1,2,4,2,2,2,2,2,3,2,3,3,3,Fazer reuniões mais curtas e objetivas.,5,"No geral, é razoável."
166,2026-08-11,9º RCB,Tenente-Coronel,De Carreira,Pós-Graduação / Especialização,"Casado(a) / união estável, com filhos","Sim, mora comigo",3,4,4,1 a 2 vezes,4,2,2,8,Estou satisfeito com minha qualidade de vida.,7,Depende muito da semana.,6,"Minha saúde física está ok, nada grave.",6,Emocionalmente estou razoável.,1,3,2,Sem observações relevantes.,4,A comida é sem sal e sem gosto.,6,De vez em quando tem prato diferente.,4,Muitas vezes acaba a comida antes de todos se servirem.,3,As mesas nem sempre estão limpas.,3,3,2,3,3,2,4,Faltam viaturas disponíveis para treinar.,2,3,3,1,3,6,Tenho um orgulho moderado da OM.,Mais oportunidades de curso.,3,3,1,3,1,2,3,3,2,2,Sim,2.0,3.0,3.0,1,1,1,2,3,Sem comentários adicionais.,Imóvel próprio,De 30 a 60 minutos,3,2,2,2,3,2,2,6,"Dá para pagar as contas, mas sem sobra.","Apertada, mas sob controle",O soldo não acompanha a inflação.,3,4,4,4,2,2,3,3,2,2,2,4,1,"Manter como está, funciona bem.",6,"No geral, é razoável."
167,2026-08-15,3ª Cia Eng Cmb Mec,Soldado (Efetivo Profissional – EP),Temporário,Ensino Fundamental Completo,"Casado(a) / união estável, sem filhos",Mora em outra cidade (longe de mim),2,4,3,3 a 4 vezes,2,2,3,9,Estou satisfeito com minha qualidade de vida.,4,Quase não sobra tempo pra família.,6,Poderia cuidar melhor do corpo.,7,Emocionalmente estou razoável.,3,3,4,Poderiam ajudar mais quem tem filhos pequenos.,8,A comida está bem temperada.,5,De vez em quando tem prato diferente.,5,"Às vezes é pouco, mas geralmente dá.",4,O rancho precisa de mais limpeza.,2,4,2,4,1,2,1,Falta material de instrução em bom estado.,2,3,4,3,3,6,Tenho um orgulho moderado da OM.,Melhorar o rancho.,3,1,4,3,3,4,4,4,1,2,Não,,,,3,1,1,1,2,Nada a declarar.,Moradia cedida / com familiares,De 30 a 60 minutos,3,2,1,3,3,4,2,6,"Dá para pagar as contas, mas sem sobra.","Apertada, mas sob controle",O soldo não acompanha a inflação.,2,3,3,1,3,4,2,3,1,2,2,3,2,"Manter como está, funciona bem.",7,"No geral, é razoável."
168,2026-08-17,3º B Log,Soldado (Efetivo Profissional – EP),Temporário,Ensino Superior Incompleto (faculdade em andamento),"Casado(a) / união estável, sem filhos",Não se aplica,3,2,2,3 a 4 vezes,2,3,3,4,Ando cansado e sem tempo de qualidade.,5,"Consigo equilibrar às vezes, mas nem sempre.",6,Poderia cuidar melhor do corpo.,7,Tenho dias melhores e outros piores.,3,3,4,Sem observações relevantes.,4,Falta tempero na maioria dos pratos.,3,Falta variedade nas saladas e legumes.,8,A quantidade servida é boa e dá pra repetir.,3,O rancho precisa de mais limpeza.,2,2,1,2,2,4,2,Falta fardamento e botas em número suficiente.,2,4,3,2,3,6,"Depende do dia, mas no geral é ok.",Mais reconhecimento pelo trabalho realizado.,5,2,4,1,3,2,3,2,4,3,Não,,,,3,1,1,1,1,Seria bom ter mais palestras sobre saúde mental.,Imóvel alugado por conta própria,Até 15 minutos,2,3,1,2,3,2,2,3,Estou endividado e preocupado.,"Apertada, mas sob controle",O soldo não acompanha a inflação.,3,3,4,2,3,2,1,4,2,3,1,2,4,"Manter como está, funciona bem.",4,Muitos pontos a corrigir.
169,2026-08-16,7º R C Mec,Soldado (Efetivo Profissional – EP),Temporário,Ensino Médio Completo / Técnico,"Casado(a) / união estável, sem filhos",Não se aplica,2,2,4,3 a 4 vezes,4,4,3,6,Minha qualidade de vida é razoável.,5,"Consigo equilibrar às vezes, mas nem sempre.",6,"Minha saúde física está ok, nada grave.",5,Emocionalmente estou razoável.,4,2,4,Poderiam ajudar mais quem tem filhos pequenos.,5,"A comida é razoável, dá pra comer.",4,Repete muito o cardápio na mesma semana.,4,Muitas vezes acaba a comida antes de todos se servirem.,6,"No geral está limpo, com algumas exceções.",3,4,3,2,3,2,4,O material é antigo e precisa de manutenção.,3,3,3,4,2,8,Sinto-me honrado em servir aqui.,Mais oportunidades de curso.,5,2,4,1,3,4,4,2,2,3,Não,,,,2,3,1,1,1,Nada a declarar.,Imóvel alugado por conta própria,De 15 a 30 minutos,2,2,2,3,3,2,2,7,"Dá para pagar as contas, mas sem sobra.","Apertada, mas sob controle",Gostaria de mais clareza sobre os descontos no contracheque.,3,4,3,2,2,3,2,3,1,2,2,3,3,Fazer reuniões mais curtas e objetivas.,6,"No geral, é razoável."
170,2026-08-21,3ª Cia Eng Cmb Mec,General,De Carreira,Ensino Superior Completo (Graduação),"Solteiro(a), sem filhos",Mora em outra cidade (longe de mim),3,2,3,5 vezes ou mais,2,3,3,4,Tenho pouco tempo para mim mesmo.,5,"Consigo equilibrar às vezes, mas nem sempre.",8,Tenho me exercitado e me sinto disposto.,9,Me sinto emocionalmente bem.,4,3,3,Poderiam ajudar mais quem tem filhos pequenos.,3,Falta tempero na maioria dos pratos.,4,"É sempre arroz, feijão e a mesma carne.",6,A quantidade é suficiente na maioria dos dias.,6,"No geral está limpo, com algumas exceções.",2,2,3,3,4,4,3,Falta material de instrução em bom estado.,4,3,3,2,1,7,"Depende do dia, mas no geral é ok.",Mais oportunidades de curso.,4,3,3,1,3,2,2,3,2,2,Sim,2.0,3.0,3.0,3,1,2,2,1,Seria bom ter mais palestras sobre saúde mental.,Próprio Nacional Residencial (PNR),Mais de 60 minutos,2,3,1,2,3,2,1,4,Estou endividado e preocupado.,Estável / equilibrada,Nada a acrescentar.,3,2,3,4,4,3,2,3,4,3,3,4,1,Avisar as escalas com mais antecedência.,5,Tem pontos bons e outros a melhorar.
171,2026-08-18,3º R C Mec,2º Sargento,De Carreira,Ensino Médio Completo / Técnico,"Casado(a) / união estável, com filhos",Mora em outra cidade (longe de mim),3,3,4,3 a 4 vezes,2,4,3,6,Tem dias bons e dias ruins.,5,"Consigo equilibrar às vezes, mas nem sempre.",6,"Minha saúde física está ok, nada grave.",6,Tenho dias melhores e outros piores.,4,3,4,Poderiam ajudar mais quem tem filhos pequenos.,4,A comida é sem sal e sem gosto.,4,Falta variedade nas saladas e legumes.,2,A quantidade servida é pouca.,2,Falta higiene na hora de servir.,2,3,3,2,4,4,2,Falta material de instrução em bom estado.,2,3,4,2,3,8,Tenho muito orgulho de pertencer a esta OM.,Melhorar o rancho.,2,4,2,3,2,4,4,3,3,3,Não,,,,1,1,1,1,2,Nada a declarar.,Imóvel próprio,De 15 a 30 minutos,1,3,2,4,1,2,4,5,"Dá para pagar as contas, mas sem sobra.","Apertada, mas sob controle",O soldo não acompanha a inflação.,4,2,4,1,1,2,2,3,2,1,3,2,4,Fazer reuniões mais curtas e objetivas.,5,"No geral, é razoável."
172,2026-08-12,9º RCB,Soldado (Efetivo Profissional – EP),Temporário,Ensino Superior Incompleto (faculdade em andamento),"Solteiro(a), sem filhos",Não se aplica,3,3,3,5 vezes ou mais,3,3,3,6,Tem dias bons e dias ruins.,5,"Consigo equilibrar às vezes, mas nem sempre.",7,Poderia cuidar melhor do corpo.,5,Tenho dias melhores e outros piores.,4,3,4,Gostaria de mais apoio para militares com família longe.,6,"A comida é razoável, dá pra comer.",4,"É sempre arroz, feijão e a mesma carne.",6,"Às vezes é pouco, mas geralmente dá.",8,O rancho é sempre limpo e organizado.,3,2,1,1,4,2,3,"Sim, o material é suficiente para o dia a dia.",2,4,2,3,3,9,Sinto-me honrado em servir aqui.,Mais reconhecimento pelo trabalho realizado.,2,4,3,3,2,3,3,2,3,4,Não,,,,1,1,1,2,1,Seria bom ter mais palestras sobre saúde mental.,Imóvel alugado por conta própria,Até 15 minutos,1,2,2,1,1,2,4,6,Consigo me organizar razoavelmente.,Endividado(a) / com dificuldades,O soldo não acompanha a inflação.,3,2,4,3,2,3,3,2,2,2,1,2,2,"Manter como está, funciona bem.",4,Precisa melhorar bastante.
173,2026-08-12,9º RCB,1º Tenente,De Carreira,Ensino Superior Completo (Graduação),"Casado(a) / união estável, sem filhos",Não se aplica,3,3,4,3 a 4 vezes,3,1,4,7,Tem dias bons e dias ruins.,3,Trabalho demais e descanso de menos.,6,Poderia cuidar melhor do corpo.,5,Tenho dias melhores e outros piores.,4,4,4,Poderiam ajudar mais quem tem filhos pequenos.,3,O tempero está sempre muito fraco.,3,Repete muito o cardápio na mesma semana.,5,"Às vezes é pouco, mas geralmente dá.",6,"A limpeza é razoável, mas podia melhorar.",3,4,3,3,2,4,4,"Sim, o material é suficiente para o dia a dia.",3,4,4,2,3,5,"Depende do dia, mas no geral é ok.",Mais oportunidades de curso.,3,4,3,2,3,4,4,3,3,3,Sim,3.0,4.0,3.0,2,1,1,1,2,Seria bom ter mais palestras sobre saúde mental.,Próprio Nacional Residencial (PNR),De 30 a 60 minutos,1,3,1,3,2,3,3,1,Estou endividado e preocupado.,Estável / equilibrada,Nada a acrescentar.,2,3,3,2,3,3,1,4,2,4,1,1,3,Avisar as escalas com mais antecedência.,6,Tem pontos bons e outros a melhorar.
174,2026-08-10,25º GAC,2º Tenente,De Carreira,Ensino Superior Completo (Graduação),"Casado(a) / união estável, sem filhos",Mora em outra cidade (longe de mim),3,4,3,Nenhuma vez,1,4,3,5,Minha qualidade de vida é razoável.,8,Consigo separar bem o trabalho da vida pessoal.,7,Poderia cuidar melhor do corpo.,7,Tenho dias melhores e outros piores.,4,4,4,Sem observações relevantes.,7,"A comida é razoável, dá pra comer.",4,"É sempre arroz, feijão e a mesma carne.",4,Serve pouco e não dá pra repetir.,6,"A limpeza é razoável, mas podia melhorar.",2,1,3,2,2,1,3,Faltam viaturas disponíveis para treinar.,2,3,2,2,1,6,Tenho um orgulho moderado da OM.,Melhorar o rancho.,4,4,4,2,1,4,2,2,3,1,Sim,4.0,2.0,3.0,2,1,1,1,1,Seria bom ter mais palestras sobre saúde mental.,Imóvel alugado por conta própria,De 15 a 30 minutos,2,1,2,2,3,1,3,1,Situação financeira apertada este mês.,"Apertada, mas sob controle",Gostaria de mais clareza sobre os descontos no contracheque.,2,4,4,4,3,3,1,1,4,2,3,3,2,Fazer reuniões mais curtas e objetivas.,7,Tem pontos bons e outros a melhorar.
175,2026-08-12,7º R C Mec,1º Tenente,De Carreira,Ensino Superior Completo (Graduação),"Solteiro(a), sem filhos",Mora em outra cidade (longe de mim),3,4,3,5 vezes ou mais,3,2,3,6,Tem dias bons e dias ruins.,6,Depende muito da semana.,8,Tenho me exercitado e me sinto disposto.,4,Minha cabeça anda muito cheia.,3,4,4,Nada a acrescentar.,6,"A comida é razoável, dá pra comer.",7,"Varia um pouco, mas podia ter mais opções.",5,"Às vezes é pouco, mas geralmente dá.",4,Falta higiene na hora de servir.,2,3,3,3,3,3,2,Falta material de instrução em bom estado.,2,3,4,2,2,5,Tenho um orgulho moderado da OM.,Reduzir a burocracia interna.,3,4,2,2,4,3,2,3,1,2,Sim,3.0,3.0,4.0,2,1,2,1,1,Seria bom ter mais palestras sobre saúde mental.,Imóvel próprio,Mais de 60 minutos,1,2,1,3,2,4,4,3,Situação financeira apertada este mês.,Endividado(a) / com dificuldades,Nada a acrescentar.,4,3,2,2,2,1,2,2,4,3,2,1,3,Melhorar o mural de avisos.,8,Estou satisfeito com o clima da OM.
176,2026-08-18,3º B Log,Subtenente,De Carreira,Ensino Superior Completo (Graduação),"Solteiro(a), sem filhos","Sim, mora comigo",2,4,3,5 vezes ou mais,2,1,3,7,Tem dias bons e dias ruins.,7,"Consigo equilibrar às vezes, mas nem sempre.",8,Me sinto bem fisicamente.,7,Emocionalmente estou razoável.,4,4,4,Nada a acrescentar.,1,A comida é sem sal e sem gosto.,3,Falta variedade nas saladas e legumes.,4,A quantidade servida é pouca.,7,"A limpeza é razoável, mas podia melhorar.",2,3,3,1,2,3,2,O material é antigo e precisa de manutenção.,1,4,2,4,2,7,"Depende do dia, mas no geral é ok.",Melhorar as condições do alojamento.,3,5,5,1,2,2,5,2,3,3,Sim,2.0,4.0,4.0,2,1,1,1,1,Seria bom ter mais palestras sobre saúde mental.,Moradia cedida / com familiares,Até 15 minutos,2,1,2,3,3,1,2,0,Estou endividado e preocupado.,Confortável,O soldo não acompanha a inflação.,2,3,4,2,2,2,1,1,4,2,2,2,2,Fazer reuniões mais curtas e objetivas.,5,"No geral, é razoável."
177,2026-08-14,3ª Cia Eng Cmb Mec,2º Sargento,De Carreira,Ensino Médio Completo / Técnico,"Solteiro(a), sem filhos","Sim, mora comigo",4,3,3,5 vezes ou mais,4,3,3,4,Ando cansado e sem tempo de qualidade.,7,"Consigo equilibrar às vezes, mas nem sempre.",8,Tenho me exercitado e me sinto disposto.,8,Estou tranquilo e equilibrado.,4,3,3,Poderiam ajudar mais quem tem filhos pequenos.,6,"A comida é razoável, dá pra comer.",5,De vez em quando tem prato diferente.,6,A quantidade é suficiente na maioria dos dias.,4,Falta higiene na hora de servir.,1,1,3,2,3,3,4,"Sim, tenho tudo que preciso.",4,3,2,3,2,7,Tenho um orgulho moderado da OM.,Melhorar o rancho.,4,2,3,3,3,1,2,3,3,2,Sim,3.0,4.0,3.0,2,2,2,1,1,Nada a declarar.,Imóvel alugado por conta própria,Mais de 60 minutos,2,2,3,2,3,2,4,1,Situação financeira apertada este mês.,Endividado(a) / com dificuldades,O soldo não acompanha a inflação.,2,2,2,3,2,4,2,3,4,3,2,3,4,"Manter como está, funciona bem.",8,Estou satisfeito com o clima da OM.
178,2026-08-17,3º R C Mec,1º Sargento,De Carreira,Ensino Superior Completo (Graduação),"Casado(a) / união estável, com filhos","Sim, mora comigo",2,4,3,Nenhuma vez,3,2,3,6,Tem dias bons e dias ruins.,7,"Consigo equilibrar às vezes, mas nem sempre.",8,Tenho me exercitado e me sinto disposto.,6,Tenho dias melhores e outros piores.,4,4,3,Sem observações relevantes.,4,Falta tempero na maioria dos pratos.,6,De vez em quando tem prato diferente.,5,"Às vezes é pouco, mas geralmente dá.",7,"A limpeza é razoável, mas podia melhorar.",1,2,3,3,4,3,2,"Sim, tenho tudo que preciso.",2,3,3,2,3,4,Não sinto muito orgulho de estar aqui.,Melhorar o rancho.,3,2,5,3,3,2,3,4,3,2,Sim,2.0,2.0,3.0,2,1,1,2,1,Nada a declarar.,Imóvel alugado por conta própria,Até 15 minutos,3,2,2,3,3,4,4,4,O soldo não fecha com as contas.,Endividado(a) / com dificuldades,Gostaria de mais clareza sobre os descontos no contracheque.,4,3,3,2,3,3,1,3,3,3,2,4,2,Avisar as escalas com mais antecedência.,4,Precisa melhorar bastante.
179,2026-08-20,9º RCB,2º Tenente,Temporário,Ensino Superior Completo (Graduação),"Casado(a) / união estável, com filhos","Sim, mora comigo",3,2,3,3 a 4 vezes,3,4,2,5,Minha qualidade de vida é razoável.,6,Depende muito da semana.,5,"Minha saúde física está ok, nada grave.",7,Emocionalmente estou razoável.,4,4,4,Nada a acrescentar.,6,"A comida é razoável, dá pra comer.",4,Repete muito o cardápio na mesma semana.,7,"Às vezes é pouco, mas geralmente dá.",4,As mesas nem sempre estão limpas.,3,1,3,2,3,2,2,"Sim, o material é suficiente para o dia a dia.",3,4,3,3,2,7,Tenho um orgulho moderado da OM.,Reduzir a burocracia interna.,5,5,1,3,2,4,3,2,4,4,Sim,3.0,2.0,4.0,1,1,1,1,1,Nada a declarar.,Imóvel alugado por conta própria,Mais de 60 minutos,4,1,3,4,3,1,4,3,O soldo não fecha com as contas.,"Apertada, mas sob controle",Nada a acrescentar.,3,4,3,3,4,3,2,1,4,3,2,3,1,Avisar as escalas com mais antecedência.,7,"No geral, é razoável."
180,2026-08-20,25º GAC,Cabo,Temporário,Ensino Médio Completo / Técnico,"Casado(a) / união estável, com filhos",Mora em outra cidade (longe de mim),2,4,4,Nenhuma vez,2,3,1,7,Tem dias bons e dias ruins.,6,Depende muito da semana.,4,Ando com dores e cansaço físico.,5,Tenho dias melhores e outros piores.,4,3,4,Sem observações relevantes.,4,O tempero está sempre muito fraco.,4,"É sempre arroz, feijão e a mesma carne.",7,"Às vezes é pouco, mas geralmente dá.",8,A higiene do local é muito boa.,2,2,2,4,3,1,2,"Sim, o material é suficiente para o dia a dia.",1,2,3,4,1,7,"Depende do dia, mas no geral é ok.",Reduzir a burocracia interna.,4,1,3,2,3,3,5,3,2,2,Não,,,,1,1,2,2,1,Sem comentários adicionais.,Alojamento na OM,Mais de 60 minutos,4,2,3,1,1,2,3,4,Situação financeira apertada este mês.,Estável / equilibrada,Gostaria de mais clareza sobre os descontos no contracheque.,3,4,3,3,2,2,2,2,3,2,1,3,2,Avisar as escalas com mais antecedência.,8,Estou satisfeito com o clima da OM.
181,2026-08-11,3ª Cia Eng Cmb Mec,Soldado (Efetivo Profissional – EP),Temporário,Ensino Médio Completo / Técnico,"Solteiro(a), sem filhos","Sim, mora comigo",3,4,4,3 a 4 vezes,3,3,2,5,Minha qualidade de vida é razoável.,4,Quase não sobra tempo pra família.,5,"Minha saúde física está ok, nada grave.",4,Tenho me sentido para baixo ultimamente.,4,3,3,Sem observações relevantes.,5,"A comida é razoável, dá pra comer.",5,"Varia um pouco, mas podia ter mais opções.",5,"Às vezes é pouco, mas geralmente dá.",4,O rancho precisa de mais limpeza.,2,2,2,2,2,2,3,Falta material de instrução em bom estado.,2,4,2,3,2,7,"Depende do dia, mas no geral é ok.",Mais reconhecimento pelo trabalho realizado.,3,1,3,3,2,2,3,4,4,3,Não,,,,1,2,1,3,1,Seria bom ter mais palestras sobre saúde mental.,Moradia cedida / com familiares,Até 15 minutos,1,3,3,4,2,3,2,4,O soldo não fecha com as contas.,"Apertada, mas sob controle",O soldo não acompanha a inflação.,3,4,3,4,1,1,1,3,3,2,2,3,1,Avisar as escalas com mais antecedência.,6,Tem pontos bons e outros a melhorar.
182,2026-08-10,3º R C Mec,3º Sargento,De Carreira,Ensino Médio Completo / Técnico,"Solteiro(a), sem filhos",Mora em outra cidade (longe de mim),2,4,3,3 a 4 vezes,4,2,2,5,Tem dias bons e dias ruins.,7,Depende muito da semana.,4,Estou fisicamente desgastado.,5,Tenho dias melhores e outros piores.,4,4,4,Gostaria de mais apoio para militares com família longe.,5,"O sabor é ok, mas podia melhorar.",5,De vez em quando tem prato diferente.,4,Serve pouco e não dá pra repetir.,6,"No geral está limpo, com algumas exceções.",2,4,3,3,3,1,2,Falta material de instrução em bom estado.,2,3,3,3,3,7,"Depende do dia, mas no geral é ok.",Mais reconhecimento pelo trabalho realizado.,4,3,4,4,3,5,3,2,4,4,Sim,4.0,4.0,3.0,1,1,1,1,1,Falta divulgar melhor onde buscar ajuda.,Moradia cedida / com familiares,De 15 a 30 minutos,4,1,2,3,3,2,4,4,O soldo não fecha com as contas.,"Apertada, mas sob controle",Sem comentários adicionais.,2,2,4,3,2,3,2,2,2,2,3,2,2,Fazer reuniões mais curtas e objetivas.,3,Precisa melhorar bastante.
183,2026-08-10,3º Pel PE,1º Tenente,De Carreira,Ensino Superior Completo (Graduação),"Casado(a) / união estável, com filhos","Sim, mora comigo",4,3,2,Nenhuma vez,2,4,2,8,Consigo equilibrar bem minha vida.,4,Quase não sobra tempo pra família.,8,Tenho me exercitado e me sinto disposto.,8,Me sinto emocionalmente bem.,4,3,3,Gostaria de mais apoio para militares com família longe.,5,"A comida é razoável, dá pra comer.",3,Falta variedade nas saladas e legumes.,5,A quantidade é suficiente na maioria dos dias.,3,O rancho precisa de mais limpeza.,2,4,1,3,2,2,2,Falta fardamento e botas em número suficiente.,3,4,3,2,3,6,"Depende do dia, mas no geral é ok.",Melhorar o rancho.,4,3,3,3,3,4,3,2,3,3,Sim,3.0,3.0,2.0,3,1,2,2,1,Falta divulgar melhor onde buscar ajuda.,Imóvel próprio,Até 15 minutos,2,3,2,1,2,3,3,4,Situação financeira apertada este mês.,"Apertada, mas sob controle",Nada a acrescentar.,4,4,3,3,3,2,3,3,3,3,3,1,3,Fazer reuniões mais curtas e objetivas.,4,Muitos pontos a corrigir.
184,2026-08-11,3º B Log,Soldado (Efetivo Profissional – EP),Temporário,Ensino Médio Incompleto,"Solteiro(a), sem filhos","Sim, mora comigo",3,3,4,3 a 4 vezes,4,3,3,7,Tem dias bons e dias ruins.,6,Depende muito da semana.,7,Poderia cuidar melhor do corpo.,6,Emocionalmente estou razoável.,2,3,3,Poderiam ajudar mais quem tem filhos pequenos.,2,O tempero está sempre muito fraco.,3,Falta variedade nas saladas e legumes.,7,"Às vezes é pouco, mas geralmente dá.",6,"A limpeza é razoável, mas podia melhorar.",3,4,2,3,3,3,3,"Sim, o material é suficiente para o dia a dia.",3,3,1,1,3,6,"Depende do dia, mas no geral é ok.",Melhorar as condições do alojamento.,4,3,4,2,3,4,3,3,3,3,Não,,,,2,2,1,2,1,Seria bom ter mais palestras sobre saúde mental.,Imóvel alugado por conta própria,Mais de 60 minutos,3,3,2,4,2,3,4,2,Situação financeira apertada este mês.,Estável / equilibrada,Gostaria de mais clareza sobre os descontos no contracheque.,2,3,3,2,2,4,1,4,2,2,1,1,3,Melhorar o mural de avisos.,6,Tem pontos bons e outros a melhorar.
185,2026-08-14,9º RCB,Cabo,Temporário,Ensino Superior Incompleto (faculdade em andamento),"Solteiro(a), sem filhos","Sim, mora comigo",3,2,4,Nenhuma vez,1,4,4,6,Tem dias bons e dias ruins.,8,Consigo separar bem o trabalho da vida pessoal.,7,Poderia cuidar melhor do corpo.,5,Tenho dias melhores e outros piores.,4,3,3,Poderiam ajudar mais quem tem filhos pequenos.,1,Falta tempero na maioria dos pratos.,2,Repete muito o cardápio na mesma semana.,4,Muitas vezes acaba a comida antes de todos se servirem.,3,Falta higiene na hora de servir.,2,2,2,4,1,3,2,"Sim, tenho tudo que preciso.",4,3,3,1,1,5,Tenho um orgulho moderado da OM.,Reduzir a burocracia interna.,2,3,2,1,2,3,2,2,2,2,Não,,,,2,2,1,1,1,Sem comentários adicionais.,Moradia cedida / com familiares,Até 15 minutos,3,2,1,2,3,2,4,4,Situação financeira apertada este mês.,Endividado(a) / com dificuldades,Nada a acrescentar.,3,2,3,4,2,3,3,2,3,4,3,3,2,Avisar as escalas com mais antecedência.,5,"No geral, é razoável."
186,2026-08-13,Esqd Cmdo,Cabo,Temporário,Ensino Médio Completo / Técnico,"Casado(a) / união estável, com filhos","Sim, mora comigo",2,4,4,3 a 4 vezes,3,3,3,5,Minha qualidade de vida é razoável.,5,Depende muito da semana.,8,Me sinto bem fisicamente.,6,Tenho dias melhores e outros piores.,4,4,3,Sem observações relevantes.,5,"A comida é razoável, dá pra comer.",5,"Varia um pouco, mas podia ter mais opções.",5,"Às vezes é pouco, mas geralmente dá.",6,"A limpeza é razoável, mas podia melhorar.",2,3,2,2,3,2,2,O material é antigo e precisa de manutenção.,1,3,4,2,2,9,Sinto-me honrado em servir aqui.,Melhorar a comunicação entre os setores.,4,4,4,2,3,4,4,2,2,4,Não,,,,1,1,2,1,2,Nada a declarar.,Alojamento na OM,De 30 a 60 minutos,4,1,1,3,1,2,3,5,Consigo me organizar razoavelmente.,Endividado(a) / com dificuldades,O soldo não acompanha a inflação.,3,4,2,2,3,1,1,3,3,2,2,2,4,Melhorar o mural de avisos.,7,"No geral, é razoável."
187,2026-08-19,9º RCB,Capitão,De Carreira,Mestrado,"Casado(a) / união estável, sem filhos","Sim, mora comigo",3,2,2,1 a 2 vezes,3,3,2,5,Tem dias bons e dias ruins.,4,Quase não sobra tempo pra família.,6,"Minha saúde física está ok, nada grave.",6,Emocionalmente estou razoável.,4,4,3,Nada a acrescentar.,6,"A comida é razoável, dá pra comer.",6,"Varia um pouco, mas podia ter mais opções.",6,A quantidade é suficiente na maioria dos dias.,6,"No geral está limpo, com algumas exceções.",3,2,2,1,3,4,3,"Sim, o material é suficiente para o dia a dia.",3,4,3,2,2,4,Não sinto muito orgulho de estar aqui.,Melhorar o rancho.,2,3,2,4,3,4,4,2,2,2,Sim,2.0,4.0,3.0,3,1,1,1,1,Falta divulgar melhor onde buscar ajuda.,Imóvel próprio,De 15 a 30 minutos,2,3,1,2,3,2,1,5,"Dá para pagar as contas, mas sem sobra.",Endividado(a) / com dificuldades,Sem comentários adicionais.,2,3,4,1,3,2,2,3,4,3,1,2,2,Avisar as escalas com mais antecedência.,4,O ambiente está bem desgastado.
188,2026-08-16,2ª Bia AAAe,Cabo,Temporário,Ensino Médio Completo / Técnico,"Solteiro(a), sem filhos","Sim, mora comigo",3,2,2,Nenhuma vez,3,4,2,8,Consigo equilibrar bem minha vida.,4,O serviço toma quase todo o meu tempo.,4,Estou fisicamente desgastado.,8,Me sinto emocionalmente bem.,4,3,3,Gostaria de mais apoio para militares com família longe.,6,"A comida é razoável, dá pra comer.",6,"Varia um pouco, mas podia ter mais opções.",8,Nunca fico com fome depois do rancho.,6,"No geral está limpo, com algumas exceções.",2,1,4,3,3,3,2,O material é antigo e precisa de manutenção.,2,4,4,3,2,5,Tenho um orgulho moderado da OM.,Mais reconhecimento pelo trabalho realizado.,4,4,3,2,2,3,3,3,4,3,Não,,,,1,1,1,1,1,Nada a declarar.,Moradia cedida / com familiares,De 15 a 30 minutos,2,2,2,3,3,4,4,3,Situação financeira apertada este mês.,Estável / equilibrada,Gostaria de mais clareza sobre os descontos no contracheque.,3,2,4,1,2,1,3,2,4,3,4,2,3,"Manter como está, funciona bem.",5,"No geral, é razoável."
189,2026-08-13,3º R C Mec,Subtenente,De Carreira,Ensino Superior Completo (Graduação),"Casado(a) / união estável, sem filhos","Sim, mora comigo",3,3,3,3 a 4 vezes,1,3,3,6,Minha qualidade de vida é razoável.,5,Depende muito da semana.,7,"Minha saúde física está ok, nada grave.",5,Emocionalmente estou razoável.,4,4,4,Nada a acrescentar.,6,"A comida é razoável, dá pra comer.",5,De vez em quando tem prato diferente.,5,"Às vezes é pouco, mas geralmente dá.",5,"A limpeza é razoável, mas podia melhorar.",3,3,4,2,2,2,3,O material é antigo e precisa de manutenção.,2,4,3,2,3,6,"Depende do dia, mas no geral é ok.",Melhorar as condições do alojamento.,4,4,2,2,1,5,3,3,3,2,Sim,2.0,1.0,3.0,2,1,2,1,1,Seria bom ter mais palestras sobre saúde mental.,Imóvel alugado por conta própria,Até 15 minutos,3,2,2,3,4,2,2,4,Situação financeira apertada este mês.,"Apertada, mas sob controle",Gostaria de mais clareza sobre os descontos no contracheque.,4,4,3,1,4,2,2,2,3,3,2,1,2,Fazer reuniões mais curtas e objetivas.,6,"No geral, é razoável."
190,2026-08-19,3º B Log,Cabo,Temporário,Ensino Médio Completo / Técnico,"Casado(a) / união estável, com filhos","Sim, mora comigo",3,4,3,3 a 4 vezes,2,3,2,7,Tem dias bons e dias ruins.,8,Tenho tempo suficiente para minha família.,6,"Minha saúde física está ok, nada grave.",8,Estou tranquilo e equilibrado.,4,4,3,Gostaria de mais apoio para militares com família longe.,5,"A comida é razoável, dá pra comer.",5,"Varia um pouco, mas podia ter mais opções.",3,Muitas vezes acaba a comida antes de todos se servirem.,7,"A limpeza é razoável, mas podia melhorar.",3,1,2,4,3,2,4,"Sim, tenho tudo que preciso.",3,3,4,3,1,8,Tenho muito orgulho de pertencer a esta OM.,Reduzir a burocracia interna.,3,2,4,2,2,3,3,3,3,3,Não,,,,2,1,1,1,2,Seria bom ter mais palestras sobre saúde mental.,Alojamento na OM,Até 15 minutos,2,4,2,4,3,3,2,5,Consigo me organizar razoavelmente.,"Apertada, mas sob controle",Gostaria de mais clareza sobre os descontos no contracheque.,3,4,4,2,2,2,3,3,2,2,2,1,3,Avisar as escalas com mais antecedência.,3,O ambiente está bem desgastado.
191,2026-08-17,Esqd Cmdo,2º Sargento,De Carreira,Ensino Superior Completo (Graduação),"Casado(a) / união estável, sem filhos","Sim, mora comigo",3,4,4,1 a 2 vezes,4,2,4,6,Minha qualidade de vida é razoável.,7,Depende muito da semana.,5,"Minha saúde física está ok, nada grave.",3,Tenho me sentido para baixo ultimamente.,3,3,3,Poderiam ajudar mais quem tem filhos pequenos.,4,A comida é sem sal e sem gosto.,2,"É sempre arroz, feijão e a mesma carne.",5,A quantidade é suficiente na maioria dos dias.,5,"No geral está limpo, com algumas exceções.",3,1,3,3,3,4,3,"Sim, o material é suficiente para o dia a dia.",3,2,3,2,2,9,Tenho muito orgulho de pertencer a esta OM.,Melhorar a comunicação entre os setores.,3,4,1,3,1,2,3,3,4,1,Sim,2.0,3.0,3.0,1,1,1,1,1,Sem comentários adicionais.,Imóvel alugado por conta própria,De 15 a 30 minutos,3,2,1,3,2,3,2,2,Estou endividado e preocupado.,Endividado(a) / com dificuldades,Gostaria de mais clareza sobre os descontos no contracheque.,2,3,3,1,2,2,2,4,2,3,3,2,3,Melhorar o mural de avisos.,5,"No geral, é razoável."
192,2026-08-21,13ª Cia Com Mec,Soldado (Efetivo Profissional – EP),Temporário,Ensino Fundamental Completo,"Solteiro(a), sem filhos","Sim, mora comigo",4,3,4,3 a 4 vezes,2,2,2,6,Minha qualidade de vida é razoável.,5,Depende muito da semana.,6,"Minha saúde física está ok, nada grave.",7,Emocionalmente estou razoável.,3,4,4,Poderiam ajudar mais quem tem filhos pequenos.,3,Falta tempero na maioria dos pratos.,4,"É sempre arroz, feijão e a mesma carne.",3,A quantidade servida é pouca.,4,As mesas nem sempre estão limpas.,1,3,3,2,2,2,2,"Sim, tenho tudo que preciso.",1,4,3,3,1,8,Tenho muito orgulho de pertencer a esta OM.,Melhorar o rancho.,4,1,2,2,2,3,4,3,3,2,Não,,,,2,2,1,1,1,Seria bom ter mais palestras sobre saúde mental.,Alojamento na OM,De 30 a 60 minutos,2,2,3,3,4,3,2,3,O soldo não fecha com as contas.,"Apertada, mas sob controle",O soldo não acompanha a inflação.,4,4,1,3,2,3,1,4,4,2,1,3,3,Fazer reuniões mais curtas e objetivas.,3,Muitos pontos a corrigir.
193,2026-08-17,25º GAC,Subtenente,De Carreira,Ensino Médio Completo / Técnico,"Casado(a) / união estável, com filhos","Sim, mora comigo",2,4,2,1 a 2 vezes,2,2,3,7,Minha qualidade de vida é razoável.,5,Depende muito da semana.,5,Poderia cuidar melhor do corpo.,6,Emocionalmente estou razoável.,4,3,4,Sem observações relevantes.,2,Falta tempero na maioria dos pratos.,3,Falta variedade nas saladas e legumes.,4,Muitas vezes acaba a comida antes de todos se servirem.,3,As mesas nem sempre estão limpas.,3,1,3,2,3,3,3,"Sim, tenho tudo que preciso.",3,3,2,1,2,7,Tenho um orgulho moderado da OM.,Mais oportunidades de curso.,3,2,4,2,4,2,3,3,2,2,Sim,3.0,4.0,2.0,1,1,1,1,1,Falta divulgar melhor onde buscar ajuda.,Imóvel próprio,De 30 a 60 minutos,1,1,2,3,2,1,3,2,O soldo não fecha com as contas.,Estável / equilibrada,Sem comentários adicionais.,4,3,4,2,2,1,1,4,3,3,3,4,2,"Manter como está, funciona bem.",9,Estou satisfeito com o clima da OM.
194,2026-08-21,QG 3ª Bda C Mec,Soldado (Efetivo Variável – EV / Recruta),Temporário,Ensino Médio Incompleto,"Solteiro(a), sem filhos","Sim, mora comigo",2,4,3,3 a 4 vezes,2,1,4,8,Estou satisfeito com minha qualidade de vida.,6,"Consigo equilibrar às vezes, mas nem sempre.",5,"Minha saúde física está ok, nada grave.",8,Estou tranquilo e equilibrado.,3,4,4,Poderiam ajudar mais quem tem filhos pequenos.,4,O tempero está sempre muito fraco.,5,De vez em quando tem prato diferente.,4,Serve pouco e não dá pra repetir.,9,A higiene do local é muito boa.,3,2,1,2,3,2,4,"Sim, tenho tudo que preciso.",2,2,3,3,2,5,Tenho um orgulho moderado da OM.,Melhorar as condições do alojamento.,4,3,3,2,3,2,3,2,3,1,Não,,,,1,1,1,1,1,Sem comentários adicionais.,Moradia cedida / com familiares,De 30 a 60 minutos,2,2,2,4,3,3,3,1,Estou endividado e preocupado.,Endividado(a) / com dificuldades,Gostaria de mais clareza sobre os descontos no contracheque.,4,3,3,3,2,2,2,4,4,4,2,3,3,Avisar as escalas com mais antecedência.,4,O ambiente está bem desgastado.
195,2026-08-10,13ª Cia Com Mec,3º Sargento,De Carreira,Ensino Médio Completo / Técnico,"Casado(a) / união estável, com filhos",Mora em outra cidade (longe de mim),3,3,3,3 a 4 vezes,2,2,4,7,Minha qualidade de vida é razoável.,7,"Consigo equilibrar às vezes, mas nem sempre.",7,"Minha saúde física está ok, nada grave.",5,Emocionalmente estou razoável.,3,3,4,Nada a acrescentar.,7,"O sabor é ok, mas podia melhorar.",4,"É sempre arroz, feijão e a mesma carne.",5,"Às vezes é pouco, mas geralmente dá.",7,"No geral está limpo, com algumas exceções.",2,1,2,3,4,2,3,"Sim, o material é suficiente para o dia a dia.",3,2,3,2,1,10,Sinto-me honrado em servir aqui.,Melhorar o rancho.,5,3,2,2,4,2,3,2,4,3,Sim,3.0,3.0,2.0,2,1,2,1,1,Seria bom ter mais palestras sobre saúde mental.,Moradia cedida / com familiares,De 30 a 60 minutos,3,4,2,2,4,3,4,4,O soldo não fecha com as contas.,Estável / equilibrada,Nada a acrescentar.,3,3,3,2,4,3,3,2,2,3,2,1,4,Avisar as escalas com mais antecedência.,5,"No geral, é razoável."
196,2026-08-11,3º R C Mec,Cabo,Temporário,Ensino Fundamental Completo,"Solteiro(a), sem filhos",Não se aplica,4,3,3,1 a 2 vezes,3,3,3,8,Consigo equilibrar bem minha vida.,6,Depende muito da semana.,5,"Minha saúde física está ok, nada grave.",7,Tenho dias melhores e outros piores.,3,4,4,Gostaria de mais apoio para militares com família longe.,8,"Gosto da comida do rancho, tem bom sabor.",4,Repete muito o cardápio na mesma semana.,6,A quantidade é suficiente na maioria dos dias.,4,Falta higiene na hora de servir.,3,2,4,2,2,1,4,"Sim, tenho tudo que preciso.",3,2,2,3,2,4,Preferia servir em outra OM.,Melhorar as condições do alojamento.,4,4,4,4,4,3,4,3,3,3,Não,,,,2,1,1,2,1,Seria bom ter mais palestras sobre saúde mental.,Imóvel alugado por conta própria,Mais de 60 minutos,3,2,2,3,3,3,1,4,O soldo não fecha com as contas.,Endividado(a) / com dificuldades,Nada a acrescentar.,3,2,4,3,2,4,2,2,3,3,3,3,1,Melhorar o mural de avisos.,4,Muitos pontos a corrigir.
197,2026-08-16,9º RCB,2º Tenente,De Carreira,Ensino Superior Completo (Graduação),"Casado(a) / união estável, sem filhos",Mora em outra cidade (longe de mim),2,4,3,3 a 4 vezes,2,3,3,7,Minha qualidade de vida é razoável.,4,O serviço toma quase todo o meu tempo.,8,Me sinto bem fisicamente.,6,Emocionalmente estou razoável.,4,4,2,Poderiam ajudar mais quem tem filhos pequenos.,4,A comida chega fria e sem sabor.,2,"É sempre arroz, feijão e a mesma carne.",5,"Às vezes é pouco, mas geralmente dá.",9,A higiene do local é muito boa.,3,2,3,3,2,2,2,Falta fardamento e botas em número suficiente.,3,3,3,2,1,6,"Depende do dia, mas no geral é ok.",Reduzir a burocracia interna.,3,3,3,3,1,3,3,2,3,3,Sim,2.0,4.0,2.0,2,1,2,2,1,Sem comentários adicionais.,Imóvel próprio,Até 15 minutos,1,2,3,4,4,4,2,2,Situação financeira apertada este mês.,Estável / equilibrada,Nada a acrescentar.,1,2,4,1,3,4,2,2,4,1,3,2,3,"Manter como está, funciona bem.",5,Tem pontos bons e outros a melhorar.
198,2026-08-10,2ª Bia AAAe,Soldado (Efetivo Variável – EV / Recruta),Temporário,Ensino Médio Completo / Técnico,"Casado(a) / união estável, com filhos","Sim, mora comigo",2,3,3,5 vezes ou mais,3,2,1,7,Minha qualidade de vida é razoável.,7,Depende muito da semana.,4,Estou fisicamente desgastado.,8,Me sinto emocionalmente bem.,3,2,4,Poderiam ajudar mais quem tem filhos pequenos.,5,"O sabor é ok, mas podia melhorar.",5,De vez em quando tem prato diferente.,6,"Às vezes é pouco, mas geralmente dá.",5,"A limpeza é razoável, mas podia melhorar.",2,3,4,2,2,2,2,Faltam viaturas disponíveis para treinar.,2,3,3,4,3,5,"Depende do dia, mas no geral é ok.",Mais oportunidades de curso.,3,4,4,2,1,4,4,2,1,2,Não,,,,2,1,1,1,1,Falta divulgar melhor onde buscar ajuda.,Alojamento na OM,Mais de 60 minutos,2,1,1,3,3,3,3,8,Minha situação financeira está sob controle.,Estável / equilibrada,Sem comentários adicionais.,4,2,3,1,2,1,3,3,3,2,2,3,3,"Manter como está, funciona bem.",9,"No geral, o ambiente é muito bom."
199,2026-08-15,2ª Bia AAAe,3º Sargento,De Carreira,Ensino Médio Completo / Técnico,"Solteiro(a), sem filhos","Sim, mora comigo",4,3,3,3 a 4 vezes,2,2,3,8,Consigo equilibrar bem minha vida.,5,"Consigo equilibrar às vezes, mas nem sempre.",5,"Minha saúde física está ok, nada grave.",7,Emocionalmente estou razoável.,4,3,1,Sem observações relevantes.,3,A comida chega fria e sem sabor.,5,"Varia um pouco, mas podia ter mais opções.",5,A quantidade é suficiente na maioria dos dias.,6,"No geral está limpo, com algumas exceções.",3,3,4,1,2,4,2,"Sim, tenho tudo que preciso.",2,2,2,2,2,7,"Depende do dia, mas no geral é ok.",Mais oportunidades de curso.,2,1,2,1,3,3,2,3,2,2,Sim,2.0,2.0,2.0,2,1,1,1,1,Sem comentários adicionais.,Imóvel alugado por conta própria,Até 15 minutos,2,3,2,3,3,3,3,4,Situação financeira apertada este mês.,Estável / equilibrada,Sem comentários adicionais.,2,4,3,2,3,2,2,3,4,2,2,2,3,Melhorar o mural de avisos.,9,Estou satisfeito com o clima da OM.
200,2026-08-11,25º GAC,3º Sargento,De Carreira,Ensino Superior Completo (Graduação),"Solteiro(a), sem filhos","Sim, mora comigo",2,4,4,3 a 4 vezes,2,2,4,7,Minha qualidade de vida é razoável.,7,Depende muito da semana.,8,Me sinto bem fisicamente.,5,Tenho dias melhores e outros piores.,3,3,2,Sem observações relevantes.,3,Falta tempero na maioria dos pratos.,4,Falta variedade nas saladas e legumes.,3,Serve pouco e não dá pra repetir.,8,O rancho é sempre limpo e organizado.,2,3,3,3,2,1,2,Falta material de instrução em bom estado.,3,2,4,2,1,9,Sinto-me honrado em servir aqui.,Melhorar o rancho.,3,3,2,2,2,3,3,3,4,3,Sim,2.0,2.0,4.0,1,1,1,1,2,Sem comentários adicionais.,Imóvel próprio,De 15 a 30 minutos,3,1,2,3,2,3,4,5,"Dá para pagar as contas, mas sem sobra.",Estável / equilibrada,Nada a acrescentar.,3,2,4,3,3,2,3,2,4,3,2,4,2,Melhorar o mural de avisos.,4,Precisa melhorar bastante.
